removed_paper_id,matched_validation_paper_id,matched_on,pdf_bytes_identical,doi,pmid,pmcid,year,journal,nih_institute_folder,validation_group,removed_verdict,validation_verdict,removed_md5,validation_md5,title
6SQ7YL4X,U4546RAU,DOI,False,10.1289/ehp13225,38506828,PMC10953816,2024,Environmental health perspectives,FIC; NIEHS,NHLBI,VERIFIED,VERIFIED,da4a144fbef7e0b5e125034b66e0d3d4,c7572ce104806fbc3c076244915175d4,Prenatal Household Air Pollution Exposure and Childhood Blood Pressure in Rural Ghana.
S8AWREET,YQC5A963,DOI,True,10.1186/s13012-024-01349-9,38468266,PMC10926605,2024,Implementation science : IS,FIC; NIDA; NIMH,NCI,VERIFIED,VERIFIED,8516a2260ebc2d86e38726efb9b505cd,8516a2260ebc2d86e38726efb9b505cd,Comparative effectiveness of implementation strategies for Accelerating Cervical Cancer Elimination through the integration of Screen-and-treat Services (ACCESS  study): protocol for a cluster randomized hybrid type III trial in Nigeria.
GZB2QRQN,FPX2G3LA,DOI,False,10.1136/bmjgh-2023-013282,38325896,PMC10859987,2024,BMJ global health,FIC; NIDA; NIEHS,NCI,VERIFIED,VERIFIED,23113579ee44242cda699cd4ce1a6035,7bc4383fb2d89232ba9264d06cc0c578,Examining local smoke-free coalitions in Armenia and Georgia: context and outcomes of a matched-pairs community-randomised controlled trial.
JKT92VFB,FI4T6J44,DOI,True,10.1016/j.diabres.2018.09.016,30273708,PMC6295256,2018,Diabetes research and clinical practice,FIC; NIDDK,NHLBI,VERIFIED,VERIFIED,71d6546d2f5af98ba28eb1232de0217e,71d6546d2f5af98ba28eb1232de0217e,Cost-effectiveness of a faith-based lifestyle intervention for diabetes prevention among African Americans: A within-trial analysis.
6A7TZZ7L,NCULGT7Q,DOI,True,10.1371/journal.pone.0273228,36018846,PMC9416993,2022,PloS one,FIC; NIA; NIAID,NHLBI,VERIFIED,VERIFIED,baea26fde6066063c24f724a8db61128,baea26fde6066063c24f724a8db61128,Acceptability and feasibility of mobile phone-based ecological momentary assessment and intervention in Uganda: A pilot randomized controlled trial.
5SYFNTAR,YAIMEWET,DOI,True,10.1186/s12913-022-07699-8,35255913,PMC8903732,2022,BMC health services research,FIC,NHLBI,VERIFIED,VERIFIED,ab4bb6f7ad0284115dccfed3f19b7c17,ab4bb6f7ad0284115dccfed3f19b7c17,Network characteristics of a referral system for patients with hypertension in Western Kenya: results from the Strengthening Referral Networks for Management of  Hypertension Across the Health System (STRENGTHS) study.
EXEBP353,9J2SL67D,DOI,True,10.1186/s13063-020-04917-8,33246495,PMC7694904,2020,Trials,FIC,NHLBI,VERIFIED,VERIFIED,2fa2ce040d3ef7f86b69ba1f624c3cf7,2fa2ce040d3ef7f86b69ba1f624c3cf7,Conquering hypertension in Vietnam-solutions at grassroots level: study protocol of a cluster randomized controlled trial.
TJJRPERK,BWAGKCVT,DOI,True,10.1186/s13012-019-0903-5,31142348,PMC6542058,2019,Implementation science : IS,NCATS; NCCIH,NCI,VERIFIED,VERIFIED,b16028f76d5a736cf05128650a328ae6,b16028f76d5a736cf05128650a328ae6,Using a continuum of hybrid effectiveness-implementation studies to put research-tested colorectal screening interventions into practice.
SLL6D8W7,BAABE7JM,DOI,True,10.1186/s12885-018-4672-3,30081846,PMC6080528,2018,BMC cancer,NCATS; NIMHD,NCI,VERIFIED,VERIFIED,7e4e47105f17fe2658a747e74b5b13e7,7e4e47105f17fe2658a747e74b5b13e7,"The comparative effectiveness of decision aids in diverse populations with early stage prostate cancer: a study protocol for a cluster-randomized controlled trial  in the NCI Community Oncology Research Program (NCORP), Alliance A191402CD."
L9QQZC55,FHVQQIX3,DOI,True,10.1016/j.ahj.2022.01.009,35065922,PMC9037298,2022,American heart journal,NCATS; NIMHD,NCI,VERIFIED,VERIFIED,b3d3cc2e13aa40b1f4678cb0d6623713,b3d3cc2e13aa40b1f4678cb0d6623713,"Community-based, cluster-randomized pilot trial of a cardiovascular mHealth intervention: Rationale, design, and baseline findings of the FAITH! Trial."
WVYCZBPF,DJYB2MPK,DOI,False,10.1016/j.ahj.2024.05.008,38759910,PMC11748808,2024,American heart journal,NCATS; NIMHD; NINR,NHLBI,VERIFIED,VERIFIED,2dbc08661413cc560f61e913904fb232,8349ecc7d7aeebfad873878910b7f798,Design and rationale of the cardiometabolic health program linked with community health workers and mobile health telemonitoring to reduce health disparities  (LINKED-HEARTS) program.
SGEDS55Q,85UJCVKA,DOI,False,10.1016/j.contraception.2024.110447,38583583,PMC11323034,2024,Contraception,NCATS; NIGMS,NHLBI,VERIFIED,VERIFIED,22bee40dacb13ffa279a61e832259ee0,98541068fa238a0b78a3388591eee033,"Association of perinatal depression and postpartum contraception intent, choice, and actual use."
IQDL72X9,4ME98BI9,DOI,False,10.1093/ije/dyaa037,32211886,PMC7394942,2020,International journal of epidemiology,NCATS; NCCIH; NIDA,NHLBI,VERIFIED,VERIFIED,430bfb5537c726a7b4387b972ae57efd,7cf2145fe1e78cd4d7a1ab08e6b91463,Commentary: Right truncation in cluster randomized trials can attenuate the power of a marginal analysis.
Y4QNBWSN,F2BPPKMI,DOI,True,10.1186/s13012-020-0967-2,32000812,PMC6993416,2020,Implementation science : IS,NCATS; NIDA,NCI,VERIFIED,VERIFIED,a9f3b63841ec1f77d10c402ef919c5aa,a9f3b63841ec1f77d10c402ef919c5aa,"QuitSMART Utah: an implementation study protocol for a cluster-randomized, multi-level Sequential Multiple Assignment Randomized Trial to increase Reach and  Impact of tobacco cessation treatment in Community Health Centers."
7HSKFB5R,UHLRHMGI,DOI,False,10.1146/annurev-publhealth-060222-014438,37931183,PMC11070446,2024,Annual review of public health,NCATS; NIDA; NIMH,NHLBI,VERIFIED,VERIFIED,b81febe37cc3de7ec5ef572e40f63ecc,888f2b4cde21cd3c1b4d9d9434f63e20,Adaptive Designs in Implementation Science and Practice: Their Promise and the Need for Greater Understanding and Improved Communication.
Z49RK7S3,W2VQEXEG,DOI,False,10.1016/j.cct.2020.106164,33053431,PMC8093013,2021,Contemporary clinical trials,NCATS; NIDDK,NHLBI,VERIFIED,VERIFIED,656521bbea1f99c201295fb21b8933c2,1fd07d904dac6244b3ecab97f0d92f2e,"Medical assistant health coaching (""MAC"") for type 2 diabetes in diverse primary care settings: A pragmatic, cluster-randomized controlled trial protocol."
4SMC3YCR,WGQGTBTE,DOI,True,10.1186/s13063-021-05899-x,35090520,PMC8796443,2022,Trials,NCATS; NIDDK,NHLBI,VERIFIED,VERIFIED,55ca66418a083fcf536816f99b23cbd7,55ca66418a083fcf536816f99b23cbd7,Dulce Digital-Me: protocol for a randomized controlled trial of an adaptive mHealth intervention for underserved Hispanics with diabetes.
LNJRE9FB,Y5J6YZK2,DOI,False,10.1093/tbm/ibad018,37011041,PMC10496429,2023,Translational behavioral medicine,NCATS; NIDDK,NCI,VERIFIED,VERIFIED,76fe90273a78525b8c7a08d3c7272e2c,8f89f2efa57a7813770aa97c84495eaf,Engaging diverse midlife and older adults in a multilevel participatory physical activity intervention: evaluating impacts using Ripple Effects Mapping.
ZCN2GW5H,4EYIVLJR,DOI,False,10.1093/tbm/ibab144,34791499,PMC8849003,2022,Translational behavioral medicine,NCATS; NIDDK,NHLBI,VERIFIED,VERIFIED,d330ad76a0669411b1ec6425877bad08,4be8f837aa16b7f77e3343d06452b65a,Process evaluation of a medical assistant health coaching intervention for type 2 diabetes in diverse primary care settings.
TXGVITEJ,RUYVCGHY,DOI,False,10.2215/cjn.12300720,33888536,PMC8259480,2021,Clinical journal of the American Society of Nephrology : CJASN,NCATS; NIDDK,NHLBI,VERIFIED,VERIFIED,8ec757914bc4f9f94aba67c6fa31ec86,fb5523797ffd121bbfc5630fb75cb17b,Targeting Sedentary Behavior in CKD: A Pilot and Feasibility Randomized Controlled Trial.
5XST2QLS,EBWFU9KS,DOI,False,10.1111/josh.13448,38551064,PMC11088980,2024,The Journal of school health,NCATS; NICHD,NCI,VERIFIED,VERIFIED,2f4f93f3bfd7797e98fd2749e565fe82,68cbf8ad4ba15989a83aae9e15f360ae,Assessment of COVID-19 Messaging Strategies to Increase Testing for Students With Intellectual and Developmental Disabilities.
EMQMPLJ5,G78NBYUH,DOI,True,10.1186/s13012-019-0916-0,31238955,PMC6593605,2019,Implementation science : IS,NCATS; NIAID; NIDDK,NHLBI,VERIFIED,VERIFIED,09ea94f1d959232cb582282b82d5699e,09ea94f1d959232cb582282b82d5699e,Disseminating and implementing a lifestyle-based healthy weight program for mothers in a national organization: a study protocol for a cluster randomized  trial.
MEWCCWRY,8MGIPU3P,DOI,False,10.1016/j.cct.2021.106510,34280575,PMC8453113,2021,Contemporary clinical trials,NCATS; NIAID,NHLBI,VERIFIED,VERIFIED,30ea5293eb964def643128d07e64a01e,04b90c9ce173c970c20aca8ceee99228,Incorporating systems-level stakeholder perspectives into the clinical trial design of school-supervised asthma therapy.
QSSAN7UI,ABV8X64G,DOI,True,10.1016/j.jand.2018.04.011,30055710,PMC7604883,2018,Journal of the Academy of Nutrition and Dietetics,NCATS; NIA,NCI,VERIFIED,VERIFIED,da587952c580c5fac62836dabcbe5936,da587952c580c5fac62836dabcbe5936,"Impact of the Out-of-School Nutrition and Physical Activity (OSNAP) Group Randomized Controlled Trial on Children's Food, Beverage, and Calorie Consumption  among Snacks Served."
ZIW6MP95,UJB4QA99,DOI,False,10.1002/onco.13975,34510642,PMC8649062,2021,The oncologist,NCATS; NIA,NCI,VERIFIED,VERIFIED,1daa0da15c036dba3cc57df9ff811d42,da45904403db05b878736348a70b57f5,The Relationship Between Frailty and Emotional Health in Older Patients with Advanced Cancer.
2UTZGV6B,VPCPTPZL,DOI,True,10.1200/op.21.00196,34228510,PMC8758128,2022,JCO oncology practice,NCATS; NIA,NCI,VERIFIED,VERIFIED,c4716feffbcb9b7ae8cae23da236bc21,c4716feffbcb9b7ae8cae23da236bc21,Using Geriatric Assessment to Guide Conversations Regarding Comorbidities Among Older Patients With Advanced Cancer.
CBXHYRH6,8NC76BQP,DOI,False,10.1111/jgs.15631,30452084,PMC6613645,2019,Journal of the American Geriatrics Society,NCATS; NIA,NHLBI,VERIFIED,VERIFIED,6f24da620705fc85940e49393765c8dd,9122282d79b171ee533eacf9b24e37de,Effect of Hospitalizations on Physical Activity Patterns in Mobility-Limited Older Adults.
ZJVGPCQS,KESZW83P,DOI,True,10.1056/nejmc1804294,29768150,PMC6570410,2018,The New England journal of medicine,NCATS; NIA; NIGMS,NHLBI,VERIFIED,VERIFIED,fe57917f0ed71faf0a3ba32911395bf8,fe57917f0ed71faf0a3ba32911395bf8,Balanced Crystalloids versus Saline in Critically Ill Adults.
SHZWCASA,LU33978L,DOI,False,10.1016/j.jacc.2019.07.058,31558252,PMC7000126,2019,Journal of the American College of Cardiology,NCATS; NIA,NHLBI,VERIFIED,VERIFIED,8e14753b56f0d65fb23574bc718a7eb2,4a2efae4cc19df5ffac4128db5bd444b,Improving Communication in Heart Failure Patient Care.
K6ICH5QI,C9R7RUUN,DOI,False,10.1177/17407745231222018,38197388,PMC11233424,2024,"Clinical trials (London, England)",NCATS; NIA,NHLBI,VERIFIED,VERIFIED,3393e02f406f5bec71f5abdaffe8608c,62776b418258dd135432d63df52ab32a,Hierarchical Bayesian modeling of heterogeneous outcome variance in cluster randomized trials.
NRBW33RG,XEKC6EFN,DOI,False,10.1161/circulationaha.117.030617,29311053,PMC5893372,2018,Circulation,NCATS; NIA,NHLBI,VERIFIED,VERIFIED,e22a3368cacd879f8986d2ea42b0adb6,c0b6587d8dd39e8dca1795308aa1803e,Reversing the Cardiac Effects of Sedentary Aging in Middle Age-A Randomized Controlled Trial: Implications For Heart Failure Prevention.
KVYE5RWF,NESLQUNP,DOI,False,10.1056/nejmoa1711584,29485925,PMC5846085,2018,The New England journal of medicine,NCATS; NIA; NIGMS,NHLBI,VERIFIED,VERIFIED,5d222daa027bf72b0818b6fc2cdd4edb,598b187b0f7170e705db4cf7cdb2d405,Balanced Crystalloids versus Saline in Critically Ill Adults.
32XV68PT,36I94AIH,DOI,True,10.1016/j.cct.2024.107494,38458557,PMC11065585,2024,Contemporary clinical trials,NCATS,NCI,VERIFIED,VERIFIED,ac777172be9f103d5dd2fda73fe187f3,ac777172be9f103d5dd2fda73fe187f3,Protocol for a cluster-randomized trial of a school-based skin cancer preventive intervention for adolescents.
DH6IG7JY,HKJXZKTF,DOI,True,10.1056/nejmoa1717250,29527973,PMC6018053,2018,The New England journal of medicine,NCATS,NHLBI,VERIFIED,VERIFIED,58a6e553b681741820dd765b99b7c318,58a6e553b681741820dd765b99b7c318,A Cluster-Randomized Trial of Blood-Pressure Reduction in Black Barbershops.
S3NDM3VQ,E2MNEMB8,DOI,False,10.1161/circulationaha.118.038165,30592662,PMC6917481,2019,Circulation,NCATS,NHLBI,VERIFIED,VERIFIED,4a4b131ded24e053302b354b9213c266,298a85308bb5d71966a6bd413fe3f001,Sustainability of Blood Pressure Reduction in Black Barbershops.
TWYU2VCY,9LTSBSEE,DOI,False,10.1001/jamapediatrics.2021.0766,34028494,PMC8145158,2021,JAMA pediatrics,NCATS,NCI,VERIFIED,VERIFIED,45bf94e81ab1d9298ada3324ccca1d6c,9185e98d0eddbf568d59574c70930c94,Effect of Training Pediatric Clinicians in Human Papillomavirus Communication Strategies on Human Papillomavirus Vaccination Rates: A Cluster Randomized  Clinical Trial.
VXKNB5DX,5CPW9STM,DOI,False,10.3122/jabfm.2021.05.210140,34535524,PMC8571730,2021,Journal of the American Board of Family Medicine : JABFM,NCATS,NHLBI,VERIFIED,VERIFIED,272cb3e04608229476e0f317e8d2e967,563cd9b2d9b33719cd0bfee4d3e2f12a,"Successful Trial of Practice Facilitation for Plan, Do, Study, Act Quality Improvement."
N35XJ5YV,YHKIB4RS,DOI,False,10.1056/nejmoa2208415,36278971,PMC9724830,2022,The New England journal of medicine,NCATS,NHLBI,VERIFIED,VERIFIED,2ea8a136b6f21354aa6978c9d5144074,4c0e0822194d5449ea5a7ab768fa6779,Oxygen-Saturation Targets for Critically Ill Adults Receiving Mechanical Ventilation.
HA58JB25,U9LEIXXF,DOI,False,10.1001/jamanetworkopen.2020.24596,33196806,PMC7670314,2020,JAMA network open,NCATS,NHLBI,VERIFIED,VERIFIED,1c76a73e01d879fc566cd8955dc62e5d,228e70bbdaa10d8a446c099b13b1f29d,Clinical Effects of Balanced Crystalloids vs Saline in Adults With Diabetic Ketoacidosis: A Subgroup Analysis of Cluster Randomized Clinical Trials.
KHHFUXBI,8NX9CDB5,DOI,True,10.1016/j.cct.2021.106448,34023515,PMC8543489,2021,Contemporary clinical trials,NCATS,NCI,VERIFIED,VERIFIED,b8e84ee6c6eb785aa6e343fb3f55d252,b8e84ee6c6eb785aa6e343fb3f55d252,"The Head and Neck Survivorship Tool (HN-STAR) Trial (WF-1805CD): A protocol for a cluster-randomized, hybrid effectiveness-implementation, pragmatic trial to  improve the follow-up care of head and neck cancer survivors."
8YQN99UA,YKCJ78UM,DOI,True,10.1186/s13012-020-00988-y,32316993,PMC7171793,2020,Implementation science : IS,NCATS,NHLBI,VERIFIED,VERIFIED,3f84fc02f0e455ddc2695ba65c2c11ca,3f84fc02f0e455ddc2695ba65c2c11ca,Study protocol: a cluster randomized trial to evaluate the effectiveness and implementation of onsite GeneXpert testing at community health centers in Uganda  (XPEL-TB).
CSI9YBL2,LGEECHQM,DOI,True,10.1016/j.cct.2020.106162,33038506,PMC7686283,2020,Contemporary clinical trials,NCATS,NHLBI,VERIFIED,VERIFIED,29e7cc7bed24e4a88c3228a94c2f4ae1,29e7cc7bed24e4a88c3228a94c2f4ae1,A mHealth intervention to preserve and promote ideal cardiovascular health in college students: Design and protocol of a cluster randomized controlled trial.
PDUGS7DP,IT2B87LL,DOI,True,10.1186/s13722-022-00295-5,35164857,PMC8842942,2022,Addiction science & clinical practice,NCATS,NCI,VERIFIED,VERIFIED,4719a6edbed65bd212db8a09b2218358,4719a6edbed65bd212db8a09b2218358,"A cluster randomized controlled trial for a multi-level, clinic-based smoking cessation program with women in Appalachian communities: study protocol for the  ""Break Free"" program."
TZAGY4NU,DJE2PNQA,DOI,False,10.1002/cncr.33183,33079411,PMC7790907,2021,Cancer,NCATS,NCI,VERIFIED,VERIFIED,b2f89358a58bae164d629115b379c294,46d1ae25c6c9eaae71f18915502f17f4,A randomized study to prevent lymphedema in women treated for breast cancer: CALGB 70305 (Alliance).
CM3Z8D7D,DEKG3YAI,DOI,False,10.1158/1055-9965.epi-17-1085,30337343,PMC6214791,2018,"Cancer epidemiology, biomarkers & prevention : a publication of the American Association for Cancer Research, cosponsored by the American Society of  Preventive Oncology",NCATS,NCI,VERIFIED,VERIFIED,cd7753bb71d06f0e615a446d63df7e9f,2b1744908d5f1d8d09142cbcef6a95e8,A Group Randomized Trial to Reduce Obesity among Appalachian Church Members: The Walk by Faith Study.
H2EMVC97,GYRIVJLS,DOI,True,10.1186/s13063-023-07863-3,38243291,PMC10797863,2024,Trials,NCATS,NHLBI,VERIFIED,VERIFIED,4df0a3e4bc3fcdd8cfc7407df052c401,4df0a3e4bc3fcdd8cfc7407df052c401,Robotic versus Electromagnetic bronchoscopy for pulmonary LesIon AssessmeNT: the RELIANT pragmatic randomized trial.
88MUVGL7,Q2S96SJ9,DOI,False,10.1016/j.cct.2022.106884,35995130,PMC9489677,2022,Contemporary clinical trials,NCATS,NHLBI,VERIFIED,VERIFIED,05592087251e58b84f087ada4b4db43c,fea0e18fd167c822eeb87f9ebece42d2,Strategies to improve the recruitment and retention of underserved children and families in clinical trials: A case example of a school-supervised asthma therapy  pilot.
M46JBV2K,BZHD4F63,DOI,False,10.1002/cncr.33184,33079393,PMC7790999,2021,Cancer,NCATS,NCI,VERIFIED,VERIFIED,fa307128dd99ea307c2a7ccc8c43953b,28673d0b8baaf09b4698d571a51ddd34,Health-related quality of life outcomes for the LEAP study-CALGB 70305 (Alliance): A lymphedema prevention intervention trial for newly diagnosed breast  cancer patients.
LWBEKQXY,PKIN6R35,DOI,False,10.1513/annalsats.201912-872oc,32776853,PMC7780975,2021,Annals of the American Thoracic Society,NCATS,NHLBI,VERIFIED,VERIFIED,09c631607b0d77dd2ef9ad4cb7ad4df3,7292ee8e6837014b3a8ef4f95b0006c2,Association of Race and Ethnicity with Sedation Management in Pediatric Intensive Care.
IIM5LTHQ,2BDG7GVP,DOI,True,10.1016/j.jand.2018.12.007,30772298,PMC6536323,2019,Journal of the Academy of Nutrition and Dietetics,NCATS,NHLBI,VERIFIED,VERIFIED,193841aef3d28e20fa0baf67290d00d9,193841aef3d28e20fa0baf67290d00d9,A Group Randomized Intervention Trial Increases Participation in the School Breakfast Program in 16 Rural High Schools in Minnesota.
TDLGKW2I,L3XSIHDW,DOI,False,10.1016/j.ahj.2022.12.016,36640860,PMC10023424,2023,American heart journal,NCATS,NHLBI,VERIFIED,VERIFIED,3202d18abbef36f9b5e80f795d0f8fd4,d310ba83773ff533c6ad56c8a2942227,Design and pilot implementation for the BETTER CARE-HF trial: A pragmatic cluster-randomized controlled trial comparing two targeted approaches to  ambulatory clinical decision support for cardiologists.
4GPSLLBZ,PQNBSQLX,DOI,False,10.1016/j.jacc.2023.02.005,36882134,PMC10807493,2023,Journal of the American College of Cardiology,NCATS,NHLBI,VERIFIED,VERIFIED,dd92afe05a4103260ed422f37f791f4e,b13f3d1415e5e19fe2918e3d24048ea3,Cluster-Randomized Trial Comparing Ambulatory Decision Support Tools to Improve Heart Failure Care.
3VCQS3N8,KCV63L9X,DOI,False,10.1016/j.jchf.2023.11.002,38043045,PMC12290891,2024,JACC. Heart failure,NCATS,NHLBI,VERIFIED,VERIFIED,f5108a687dfe996cb59bdaea5973e3b3,f93f4674f1c580c02af4d440884a78e5,Impact of Visit Volume on the Effectiveness of Electronic Tools to Improve Heart Failure Care.
5G5828ED,RHQWSFTR,DOI,False,10.1177/09622802231172026,37284817,PMC11020688,2023,Statistical methods in medical research,NCATS,NCI,VERIFIED,VERIFIED,afc6c80349a6639ae42d195a816d9b1c,4f28840b626d26a448abbf7ee5954c00,An overview of optimal designs under a given budget in cluster randomized trials with a binary outcome.
Y729FR8I,EZW26HK2,DOI,False,10.1001/jamanetworkopen.2023.34646,37747734,PMC10520739,2023,JAMA network open,NCATS,NHLBI,VERIFIED,VERIFIED,4b06630da1cd61235db618ebca255511,da801981920c3dc773368e5e4bc56b12,A Multifaceted Implementation Strategy to Increase Out-of-Office Blood Pressure Monitoring: The EMBRACE Cluster Randomized Clinical Trial.
6W27JB54,6XFGQN39,DOI,True,10.1186/s13063-020-04463-3,32527322,PMC7291479,2020,Trials,NCATS,NCI,VERIFIED,VERIFIED,92c9dd133c67be72d69882eab23443bf,92c9dd133c67be72d69882eab23443bf,Enhanced care planning and clinical-community linkages versus usual care to address basic needs of patients with multiple chronic conditions: a  clinician-level randomized controlled trial.
Z3NEV3AG,VMHXT33Z,DOI,False,10.1016/j.ahj.2022.02.010,35218727,PMC11348720,2022,American heart journal,NCATS,NHLBI,VERIFIED,VERIFIED,1c666b795fb954d4598525292312897f,1aeff0fce0838ce27eb20e720adbe264,Randomized evaluation of decision support interventions for atrial fibrillation: Rationale and design of the RED-AF study.
PALJMQS6,XA8RYYSR,DOI,True,10.5888/pcd17.190353,32352912,PMC7207051,2020,Preventing chronic disease,NCATS,NCI,VERIFIED,VERIFIED,9acff0f673958ca9c37fad2bcc6562ee,9acff0f673958ca9c37fad2bcc6562ee,A Cluster Randomized Controlled Trial of a Lay Health Worker Intervention to Increase Healthy Eating and Physical Activity Among Vietnamese Americans.
7CGAHFHD,S89CIJ46,DOI,True,10.3390/nu16060805,38542716,PMC10974327,2024,Nutrients,NCATS,NHLBI,VERIFIED,VERIFIED,c34cf7f8f1195f6ca5eca5ccf6626ce3,c34cf7f8f1195f6ca5eca5ccf6626ce3,Effect of a Multicomponent Food Pantry Intervention in Client Subgroups.
UIDUTSZL,M8CXW6PU,DOI,False,10.1016/j.japh.2023.08.014,37611896,PMC10900124,2023,Journal of the American Pharmacists Association : JAPhA,NCATS,NHLBI,VERIFIED,VERIFIED,424cad1e0d5729fad51b0438c9db4bcf,52f20f239629cd9be5f860dc964f6693,Clinical and economic effectiveness of a pharmacy and primary care collaborative transition of care program.
5M5EWTXL,MPJA6L2H,DOI,False,10.1111/josh.12810,31257605,PMC6684797,2019,The Journal of school health,NCATS,NHLBI,VERIFIED,VERIFIED,97f8b89f674a3e08ada573eb772eb137,08a092470cd6f008eba16dbff070393e,Breakfast Is Brain Food? The Effect on Grade Point Average of a Rural Group Randomized Program to Promote School Breakfast.
7A7DGTFA,6XSR8DVR,DOI,False,10.1097/ta.0000000000003551,35081595,PMC9038638,2022,The journal of trauma and acute care surgery,NCATS,NHLBI,VERIFIED,VERIFIED,7cf661261c5d15afede9bd1f28f20cdc,233ba071aabdb81ba29bbc92be100371,Prehospital low titer group O whole blood is feasible and safe: Results of a prospective randomized pilot trial.
9T7P8H5G,EAJAKXKC,DOI,True,10.1002/pon.4710,29575388,PMC6103535,2018,Psycho-oncology,NCATS,NCI,VERIFIED,VERIFIED,86211538e199e23fc8cd47c6cbc81489,86211538e199e23fc8cd47c6cbc81489,The ecology of patient and caregiver participation in consultations involving advanced cancer.
96UKX43M,IDKFPWGH,DOI,True,10.1007/s11121-019-01067-5,31925605,PMC7058497,2020,Prevention science : the official journal of the Society for Prevention Research,NCATS,NHLBI,VERIFIED,VERIFIED,848db02630ced675cb720ec889075580,848db02630ced675cb720ec889075580,A Cluster Randomized Trial of a Community-Based Intervention Among African-American Adults: Effects on Dietary and Physical Activity Outcomes.
E3IREKY2,JSRXWSXE,DOI,True,10.1016/j.conctc.2021.100808,34189339,PMC8220316,2021,Contemporary clinical trials communications,NCATS,NCI,VERIFIED,VERIFIED,d11bdfd175c20c82bf6a2d409dac0b28,d11bdfd175c20c82bf6a2d409dac0b28,Addressing cancer survivors' cardiovascular health using the automated heart health assessment (AH-HA) EHR tool: Initial protocol and modifications to address  COVID-19 challenges.
YUAM3VKF,UHEKLJLC,DOI,False,10.1093/abm/kaad060,37857305,PMC10831215,2024,Annals of behavioral medicine : a publication of the Society of Behavioral Medicine,NCATS,NHLBI,VERIFIED,VERIFIED,639fa90d2e544076ffc096fb8266cde6,6a534db0b5c270a25b3d17b2e15c285a,A Cluster-Randomized Evaluation of the SuperShelf Intervention in Choice-Based Food Pantries.
I7FXIK32,F9X8Z6SZ,DOI,False,10.1016/j.cct.2023.107266,37301468,PMC10528011,2023,Contemporary clinical trials,NCATS,NCI,VERIFIED,VERIFIED,b52c1458031c9559d6f587c9a157a7e9,06e08af1dd2910e3d27b076dc5c6d3f4,Increasing the adoption of evidence-based communication practices for HPV vaccination in primary care clinics: The HPV ECHO study protocol for a cluster  randomized controlled trial.
MNPPUABA,I7VKXNIC,DOI,False,10.1097/hco.0000000000000674,31425171,PMC8409221,2019,Current opinion in cardiology,NCATS,NHLBI,VERIFIED,VERIFIED,967b7c6aff4b3e8e544e6db03afaf25b,3c8d592e2d56c334cafa1325bbc24a48,Sustainability of blood pressure reduction in black barbershops.
8G9N5B5B,SUANA8ET,DOI,True,10.1186/s13063-019-4027-7,31941527,PMC6964086,2020,Trials,NCCIH,NCI,VERIFIED,VERIFIED,1cb3723ac75019ba8e3024aaf28ddeb5,1cb3723ac75019ba8e3024aaf28ddeb5,Moderators of the effectiveness of an intervention to increase colorectal cancer screening through mailed fecal immunochemical test kits: results from a pragmatic  randomized trial.
TZZP2GMX,X9X3VGJK,DOI,True,10.1016/j.ypmed.2019.01.014,30685318,PMC6392039,2019,Preventive medicine,NCCIH,NCI,VERIFIED,VERIFIED,c7eb5c856a9c38042b5e5c5de7f2724a,c7eb5c856a9c38042b5e5c5de7f2724a,A cost-effectiveness analysis of a colorectal cancer screening program in safety net clinics.
Z7AH5NE4,KJQKEW8Y,DOI,False,10.1001/jamainternmed.2018.3629,30083752,PMC6142956,2018,JAMA internal medicine,NCCIH,NCI,VERIFIED,VERIFIED,f28db98174daf2e6831068e46eee0d1b,6cad86517cf6003c81ff506c071de39f,Effectiveness of a Mailed Colorectal Cancer Screening Outreach Program in Community Health Clinics: The STOP CRC Cluster Randomized Clinical Trial.
RVGHTCUQ,FDVX9XTR,DOI,False,10.1016/j.jen.2021.05.007,34301422,PMC9924131,2021,Journal of emergency nursing,NIA; NIEHS,NHLBI,VERIFIED,VERIFIED,e4b8af6006ec3a40ebf87ad8fc232a76,85ca392339887d26aee77a90af5f7fa8,System Level Informatics to Improve Triage Practices for Sickle Cell Disease Vaso-Occlusive Crisis: A Cluster Randomized Controlled Trial.
9FSNPZT8,NQ4Y7FIA,DOI,False,10.1037/ocp0000104,29215909,PMC5991990,2019,Journal of occupational health psychology,NIA; NICHD,NHLBI,VERIFIED,VERIFIED,864e8bc9d9fe2ae49cd019edb6fae61f,4188b2b2193d2202250af77e648cd45e,Caring for the elderly at work and home: Can a randomized organizational intervention improve psychological health?
NQSS6ZME,W75ICDYI,DOI,False,10.1002/cncr.32188,31145833,PMC6717015,2019,Cancer,NIA; NIGMS,NCI,VERIFIED,VERIFIED,f6a47ecb267eecd77a2fe2459d0f4b64,af2d6e10b5a1babd737bfeb942004dcc,Association between advanced cancer patient-caregiver agreement regarding prognosis and hospice enrollment.
VQERMQTN,PDP273K4,DOI,True,10.1186/s13012-021-01156-6,34563227,PMC8466719,2021,Implementation science : IS,NIA; NIDA,NCI,VERIFIED,VERIFIED,e5c038569bf78181b68f1479fa85fe28,e5c038569bf78181b68f1479fa85fe28,Behavioral economic implementation strategies to improve serious illness communication between clinicians and high-risk patients with cancer: protocol for  a cluster randomized pragmatic trial.
GE5YUEC5,C69UAKKB,DOI,True,10.1016/j.cct.2021.106519,34333138,PMC8665835,2021,Contemporary clinical trials,NIA; NIDDK; NIMHD; NINDS,NCI,VERIFIED,VERIFIED,fd588cda623aad344178290c55c8722d,fd588cda623aad344178290c55c8722d,Using increased trust in medical researchers to increase minority recruitment: The RECRUIT cluster randomized clinical trial.
82SN3AXQ,YZ7GZ47B,DOI,False,10.1177/0890117117696244,28299947,PMC6719311,2018,American journal of health promotion : AJHP,NIA; NICHD,NHLBI,VERIFIED,VERIFIED,51d59ccb56ccdae057bba86720e4757e,8f7d4689de574e723a23faa13046a5ec,"Effects of a Flexibility/Support Intervention on Work Performance: Evidence From the Work, Family, and Health Network."
6TH7JZG3,BLWKH6C8,DOI,True,10.1186/s13012-021-01139-7,34266468,PMC8281481,2021,Implementation science : IS,NIA; NIDA,NCI,VERIFIED,VERIFIED,2569dc33fab7826678f8ee0328e7a049,2569dc33fab7826678f8ee0328e7a049,Rationale and protocol for a cluster randomized pragmatic clinical trial testing behavioral economic implementation strategies to improve tobacco treatment rates  for cancer patients who smoke.
4P75RKMV,4Q7JQUVU,DOI,False,10.1056/nejmoa1900669,32579812,PMC7405505,2020,The New England journal of medicine,NIA; NIGMS,NHLBI,VERIFIED,VERIFIED,3a34d905419f9c18a3746372e8b9f4c6,0df104fb94e8fe43733db5138d880b36,Effect on Patient Safety of a Resident Physician Schedule without 24-Hour Shifts.
V4D33GKD,HBD3Y6S2,DOI,False,10.1001/jamanetworkopen.2020.25810,33284337,PMC8184122,2020,JAMA network open,NIA; NIEHS,NCI,VERIFIED,VERIFIED,3756c30d31729487e0e19149b7ca3c1d,fbe4384af283431908fc119f9a2cc340,Assessment of Financial Toxicity Among Older Adults With Advanced Cancer.
CGFN57QZ,8RFFGGMQ,DOI,True,10.2105/ajph.2023.307413,37939328,PMC10632833,2023,American journal of public health,NIA; NICHD,NHLBI,VERIFIED,VERIFIED,af975949672e592d5a0340c70f34bcc5,af975949672e592d5a0340c70f34bcc5,"Employee Cardiometabolic Risk Following a Cluster-Randomized Workplace Intervention From the Work, Family and Health Network, 2009-2013."
4XYV8HZY,PVP9PWD9,DOI,False,10.1177/17407745231185055,37493171,PMC10811279,2023,"Clinical trials (London, England)",NIA; NICHD; NLM,NHLBI,VERIFIED,VERIFIED,7ed0fb9ef09c298a1d14cd9b25f0934a,662e535c8fa759be212e9c00ec381340,Assessing the representativeness of cluster randomized trials: Evidence from two large pragmatic trials in United States nursing homes.
RPDUHJVP,Z6DJN9CQ,DOI,True,10.1016/j.jpainsymman.2021.07.032,34371137,PMC8816807,2022,Journal of pain and symptom management,NIA; NINR,NCI,VERIFIED,VERIFIED,5c95d133ea5688dbc15a8e4aa1bff019,5c95d133ea5688dbc15a8e4aa1bff019,Completion of Patient-Reported Outcome Questionnaires Among Older Adults with Advanced Cancer.
DVTPLYEC,E92KWK4B,DOI,True,10.18865/ed.decipher.18,38846735,PMC11895547,2023,Ethnicity & disease,NIA; NIDDK; NIMHD,NCI,VERIFIED,VERIFIED,3209f396d315ed27c76c6586fcbcf02e,3209f396d315ed27c76c6586fcbcf02e,Process of Engaging Community and Scientific Partners in the Development of the CIRCL-Chicago Study Protocol.
ZSVGVCQS,NCY67FZ9,DOI,False,10.1016/j.jagp.2019.04.011,31138456,PMC6739142,2019,The American journal of geriatric psychiatry : official journal of the American Association for Geriatric Psychiatry,NIA,NCI,VERIFIED,VERIFIED,23b52cab702fabdee1474bc71d7888fd,5bd793b4b867ccc59b043052d2a4618d,Changes in Moderate Intensity Physical Activity Are Associated With Better Cognition in the Multilevel Intervention for Physical Activity in Retirement  Communities (MIPARC) Study.
DZM6LTUC,7MXH2IXG,DOI,False,10.1002/pon.5895,35112424,PMC9177692,2022,Psycho-oncology,NIA,NCI,VERIFIED,VERIFIED,bce6cec7eda72efc83024fd40c999835,11b270b470f4a03389d96572c0dd1120,The shared uncertainty experience of older adults with advanced cancer and their caregivers.
TLXU4MVQ,R7T6WKEW,DOI,True,10.1016/j.jgo.2022.03.001,35292232,PMC9283231,2022,Journal of geriatric oncology,NIA,NCI,VERIFIED,VERIFIED,3ab4ed71cb97e14f81bbfcacc1a721d2,3ab4ed71cb97e14f81bbfcacc1a721d2,"Protocol paper: Multi-site, cluster-randomized clinical trial for optimizing functional outcomes of older cancer survivors after chemotherapy."
M3IMKTAR,ZFMGD92P,DOI,True,10.1186/s12992-018-0342-0,29490675,PMC5831713,2018,Globalization and health,NIA,NHLBI,VERIFIED,VERIFIED,5205b85f8f55963fa6f3aefc4eb3d63b,5205b85f8f55963fa6f3aefc4eb3d63b,"A qualitative evaluation of a simplified cardiovascular management program in Tibet, China."
PX36RSR8,SJVU6KJ3,DOI,True,10.1200/op.21.00573,34767474,PMC9014423,2022,JCO oncology practice,NIA,NCI,VERIFIED,VERIFIED,a9250982a3bd29196117377e6f3d9d12,a9250982a3bd29196117377e6f3d9d12,"Effects of an Oncology Nurse-Led, Primary Palliative Care Intervention (CONNECT) on Illness Expectations Among Patients With Advanced Cancer."
82VGQ9L3,G4WN7HVX,DOI,False,10.1016/j.jgo.2021.01.002,33478890,PMC8184574,2021,Journal of geriatric oncology,NIA,NCI,VERIFIED,VERIFIED,f6eeabce7ae169f0635c21fef0a0a46e,20f4268dd983b664c892ff60d6d690b0,Poor patient health is associated with higher caregiver burden for older adults with advanced cancer.
VMVQ2SRD,62TBCTHX,DOI,True,10.1016/j.jpainsymman.2022.11.025,36503155,PMC10191108,2023,Journal of pain and symptom management,NIA,NCI,VERIFIED,VERIFIED,53e3ae26b59360233b3b9bab522af389,53e3ae26b59360233b3b9bab522af389,Examining Caregiver Outcomes in the CONNECT Intervention for Patients With Advanced Cancer.
AD2GEB7Y,EEIQW8EX,DOI,False,10.1001/jamainternmed.2020.0440,32310288,PMC7171581,2020,JAMA internal medicine,NIA,NCI,VERIFIED,VERIFIED,481b2d59b266a5c86fab3198d63f71cc,ed36c04fc66a1f43a7debdc86c48da0c,Effect of a Mammography Screening Decision Aid for Women 75 Years and Older: A Cluster Randomized Clinical Trial.
V4IJ9JW5,S7VJ7LXE,DOI,True,10.1016/j.jgo.2023.101687,38302299,PMC10923001,2024,Journal of geriatric oncology,NIA,NCI,VERIFIED,VERIFIED,52ef41c76b3a088c327c90e46904cce5,52ef41c76b3a088c327c90e46904cce5,Decreasing polypharmacy in older adults with cancer: A pilot cluster-randomized trial protocol.
VDTZHUI6,GVSXRYPK,DOI,True,10.1016/j.jgo.2018.02.007,29530495,PMC6113101,2018,Journal of geriatric oncology,NIA,NCI,VERIFIED,VERIFIED,752b2680b5de4098c3486ccfe8861abb,752b2680b5de4098c3486ccfe8861abb,"Geriatric assessment-driven polypharmacy discussions between oncologists, older patients, and their caregivers."
4SECYYI8,I6GH9T7T,DOI,True,10.3389/fonc.2022.835582,35433441,PMC9008713,2022,Frontiers in oncology,NIA,NCI,VERIFIED,VERIFIED,954df0d2e910fdd747c112c43a81be37,954df0d2e910fdd747c112c43a81be37,A Geriatric Assessment Intervention to Reduce Treatment Toxicity Among Older Adults With Advanced Lung Cancer: A Subgroup Analysis From a Cluster Randomized  Controlled Trial.
45QRDBNZ,D7FNGV5H,DOI,False,10.1001/jamaoncol.2019.4728,31697365,PMC6865234,2020,JAMA oncology,NIA,NCI,VERIFIED,VERIFIED,a4c1dc3b6b86c4ba597e8984e47f06de,e9152af8d58f30eedd4e28faad602c22,Communication With Older Patients With Cancer Using Geriatric Assessment: A Cluster-Randomized Clinical Trial From the National Cancer Institute Community  Oncology Research Program.
YVTFQYD2,GQ47R7MS,DOI,False,10.1089/jpm.2022.0277,36472545,PMC10150730,2023,Journal of palliative medicine,NIA,NCI,VERIFIED,VERIFIED,a738b298cad0458a8a9b5fb675ac188d,924a47c77cba3297833e863db44d036b,Symptom Burden and Shared Care Planning in an Oncology Nurse-Led Primary Palliative Care Intervention (CONNECT) for Patients with Advanced Cancer.
JNM3WPH3,T3W2WZCX,DOI,True,10.1186/s13063-021-05938-7,34980208,PMC8721474,2022,Trials,NIA,NHLBI,VERIFIED,VERIFIED,677d7a7337947f1df612dab9dc44ef6b,677d7a7337947f1df612dab9dc44ef6b,Social Mobile Approaches to Reducing Weight (SMART) 2.0: protocol of a randomized controlled trial among young adults in university settings.
N6Z88UT5,B6VJ22FA,DOI,False,10.1177/02692163231214422,38087831,PMC11552658,2024,Palliative medicine,NIA,NCI,VERIFIED,VERIFIED,4e903c7fae2a88912e96d08480d194a4,279d671adfbafe04241e68a45b882789,Hope and illness expectations: A cross-sectional study in patients with advanced cancer.
CLP2FY5Z,HA9IHJB6,DOI,True,10.1016/j.jpainsymman.2020.02.005,32061833,PMC7311277,2020,Journal of pain and symptom management,NIA,NCI,VERIFIED,VERIFIED,6bc1d11b5cae69eea29f0bca60dcc022,6bc1d11b5cae69eea29f0bca60dcc022,Associations of Caregiver-Oncologist Discordance in Prognostic Understanding With Caregiver-Reported Therapeutic Alliance and Anxiety.
33MGPB3E,7BJRB6LP,DOI,False,10.1634/theoncologist.2018-0890,31015317,PMC6656513,2019,The oncologist,NIA,NCI,VERIFIED,VERIFIED,dc9549e845b5312618205a40ffc9f18b,dd718d328e6d9872058e5fb08a4e6677,"Beliefs About Advanced Cancer Curability in Older Patients, Their Caregivers, and Oncologists."
UN3SHL78,ALFCPWRB,DOI,False,10.1002/onco.13699,33523583,PMC8018313,2021,The oncologist,NIA,NCI,VERIFIED,VERIFIED,37c909a03c5b3d468156d8853114e6c7,a00028e3b78388b7992923228c05e58c,"Caregiver-Oncologist Prognostic Concordance, Caregiver Mastery, and Caregiver Psychological Health and Quality of Life."
DCJKXL89,HI3CPFP8,DOI,True,10.1016/j.jgo.2019.12.011,31899198,PMC7326651,2020,Journal of geriatric oncology,NIA,NCI,VERIFIED,VERIFIED,97016a052712606a1f6e0ce2d2d982ad,97016a052712606a1f6e0ce2d2d982ad,Relationships of self-perceived age with geriatric assessment domains in older adults with cancer.
Z6QQIWFY,69KLSK53,DOI,True,10.1200/op.22.00173,35984998,PMC9835996,2022,JCO oncology practice,NIA,NCI,VERIFIED,VERIFIED,bd0ce6fbb17f29e11b2e51a4f0f6d2dd,bd0ce6fbb17f29e11b2e51a4f0f6d2dd,Communication About Fall Risk in Community Oncology Practice: The Role of Geriatric Assessment.
IG5YG7VB,FGGJHPQ8,DOI,False,10.1200/jco.22.00738,36356279,PMC9901996,2023,Journal of clinical oncology : official journal of the American Society of Clinical Oncology,NIA,NCI,VERIFIED,VERIFIED,678739229c4e60a1c457e5909cbe3290,a7d38b13613417bb55464b36b9010775,Effects of a Geriatric Assessment Intervention on Patient-Reported Symptomatic Toxicity in Older Adults With Advanced Cancer.
2EAWBLSK,Y65DB7TT,DOI,True,10.6004/jnccn.2023.7002,37015338,PMC10477933,2023,Journal of the National Comprehensive Cancer Network : JNCCN,NIA,NCI,VERIFIED,VERIFIED,1b3dc6ba530c7364ae4095697bb019c7,1b3dc6ba530c7364ae4095697bb019c7,Primary Palliative Care Improves Uptake of Advance Care Planning Among Patients With Advanced Cancers.
TSYDUWJK,NFIAY6NV,DOI,False,10.1002/cncr.33857,34374430,PMC9152733,2021,Cancer,NIA,NCI,VERIFIED,VERIFIED,fb12f3e4679e1cc2b6507af1afb87547,f6b1096333732fb44830b7d00e5d001c,Effects by educational attainment of a mammography screening patient decision aid for women aged 75 years and older.
7FSI3RN9,E5W8I8AR,DOI,False,10.1093/heapol/czad076,37602984,PMC11020211,2023,Health policy and planning,NIA,NHLBI,VERIFIED,VERIFIED,34080c1cc00ea584a0f205537efac43b,161ab3fbe9086513f8b125de52e37749,Can a private sector engagement intervention that prioritizes pro-poor strategies improve healthcare access and quality? A randomized field experiment in Kenya.
9RLPXJX2,MCKQDWYQ,DOI,False,10.1188/20.onf.228-240,32078609,,2020,Oncology nursing forum,NIA,NCI,VERIFIED,VERIFIED,e5c0c88e2799008a7cd03830a5210032,e69c5bbbca8f46c9091fd9bb46f00342,Racial Differences in Pain Management for Patients Receiving Hospice Care.
7AKBUICC,GJGVIKMM,DOI,False,10.1037/hea0000853,32833475,PMC7449512,2020,"Health psychology : official journal of the Division of Health Psychology, American Psychological Association",NIA,NHLBI,VERIFIED,VERIFIED,3585d0841ffbe9ba67811ccb2ff9a2a0,e32a1c69d95e3ef7c02ca685bcc3a6ab,Intervening on fear after acute cardiac events: Rationale and design of the INFORM randomized clinical trial.
Q9B3JIJ2,ZC3442HS,DOI,True,10.1007/s10461-020-03117-4,33385279,PMC8084919,2021,AIDS and behavior,NIAID; NIMH,NHLBI,VERIFIED,VERIFIED,f19cc31b7ec8f4fdc6651ad056430557,f19cc31b7ec8f4fdc6651ad056430557,"TransPrEP: Results from the Pilot Study of a Social Network-Based Intervention to Support PrEP Adherence Among Transgender Women in Lima, Peru."
5WZNN3F5,32LERLVS,DOI,True,10.1186/s12913-019-4519-x,31521157,PMC6744633,2019,BMC health services research,NIAID; NICHD,NCI,VERIFIED,VERIFIED,a1c5b5e264e006d5bcd4b5f9d8d28e84,a1c5b5e264e006d5bcd4b5f9d8d28e84,"Performance of family planning clinics in conducting recommended HIV counseling and testing in Mombasa County, Kenya: a cross-sectional study."
E2RXAAPX,CVNVFN8Y,DOI,True,10.1097/qad.0000000000003099,34628439,PMC8702477,2022,"AIDS (London, England)",NIAID; NICHD,NCI,VERIFIED,VERIFIED,86850c2094709fd45addfa72501931ea,86850c2094709fd45addfa72501931ea,Results of a cluster randomized trial testing the systems analysis and improvement approach to increase HIV testing in family planning clinics.
MVQ6WUBN,7EFQI5V4,DOI,True,10.1186/s43058-022-00342-x,36076250,PMC9458310,2022,Implementation science communications,NIAID; NICHD,NCI,VERIFIED,VERIFIED,f6df3101b44ef527f39b554039ad4f1c,f6df3101b44ef527f39b554039ad4f1c,Qualitative evaluation of the Systems Analysis and Improvement Approach as a strategy to increase HIV testing in family planning clinics using the  Consolidated Framework for Implementation Research and the Implementation  Outcomes Framework.
XCEW696W,TGIBPA3M,DOI,False,10.1080/10618600.2019.1710156,33041613,PMC7540735,2020,"Journal of computational and graphical statistics : a joint publication of American Statistical Association, Institute of Mathematical Statistics, Interface  Foundation of North America",NIAID; NIEHS,NCI,VERIFIED,VERIFIED,0d37b0333d8f11f35b2b06bc7d473426,8a296c6ad3386bca59a9052554dfb1fe,A stochastic second-order generalized estimating equations approach for estimating association parameters.
GI25UXDR,IXGWRWKV,DOI,True,10.1186/s13012-022-01242-3,36195890,PMC9530422,2022,Implementation science : IS,NIAID; NICHD,NCI,VERIFIED,VERIFIED,958e15bc65f6cbe51a4d06772f8c39ea,958e15bc65f6cbe51a4d06772f8c39ea,"Assessing the sustainability of the Systems Analysis and Improvement Approach to increase HIV testing in family planning clinics in Mombasa, Kenya: results of a  cluster randomized trial."
EHWZJTW2,KSSYVX7X,DOI,False,10.1002/jia2.26195,38054535,PMC10698808,2023,Journal of the International AIDS Society,NIAID; NIMH,NHLBI,VERIFIED,VERIFIED,a0637232de103f8380b8e0034eb94e57,aca5783dcdb08806c7892ad110973d6d,A community-based dynamic choice model for HIV prevention improves PrEP and PEP coverage in rural Uganda and Kenya: a cluster randomized trial.
7I5NGZXB,26LDPI8G,DOI,True,10.1186/s13012-023-01322-y,38012647,PMC10680234,2023,Implementation science : IS,NIAID; NICHD,NCI,VERIFIED,VERIFIED,0f41a3c5480b9d5811a4ed36871e6c7f,0f41a3c5480b9d5811a4ed36871e6c7f,"Results of a cluster randomized trial testing the Systems Analysis and Improvement Approach to increase cervical cancer screening in family planning  clinics in Mombasa County, Kenya."
IW36FQM9,GK558E5R,DOI,True,10.1371/journal.pntd.0012157,38739632,PMC11115220,2024,PLoS neglected tropical diseases,NIAID; NIDDK; NIGMS,NHLBI,VERIFIED,VERIFIED,6751e45520014c7e56b163774da57480,6751e45520014c7e56b163774da57480,Influence of hydrometeorological risk factors on child diarrhea and enteropathogens in rural Bangladesh.
FP3HZHGS,TZF282NC,DOI,False,10.1370/afm.2179,29531100,PMC5847347,2018,Annals of family medicine,NIAID,NHLBI,VERIFIED,VERIFIED,306581bbe277dcd1e38f1d4930bbc8a6,d4c8b7f613cc0c408cfbae3387abf685,Use of Asthma APGAR Tools in Primary Care Practices: A Cluster-Randomized Controlled Trial.
LTKIP9MK,CWWSSM8V,DOI,False,10.1016/j.jacc.2019.08.003,31487546,PMC6788970,2019,Journal of the American College of Cardiology,NIAID,NHLBI,VERIFIED,VERIFIED,0ab3e62047eb7b107ab7a236e7eb6e40,1d05dfdbcfb436618f6743b41977d32a,Community Health Workers Improve Linkage to Hypertension Care in Western Kenya.
WWX4J35N,25SMNHQG,DOI,True,10.1186/s12889-024-17651-6,38229024,PMC10792864,2024,BMC public health,NIAID,NCI,VERIFIED,VERIFIED,7eb28473085a294d84ae7c7e5dd5ec82,7eb28473085a294d84ae7c7e5dd5ec82,Self-reported cardiovascular disease risk factor screening among people living with HIV vs. members of the general population in Botswana: a community-based  study.
BNN69THV,DCYTWR4N,DOI,True,10.1007/s11606-020-06096-3,32875505,PMC7652959,2020,Journal of general internal medicine,NIAID,NHLBI,VERIFIED,VERIFIED,120195d09f33cc153f8a45035a897b19,120195d09f33cc153f8a45035a897b19,Impact of Clinical Decision Support on Antibiotic Prescribing for Acute Respiratory Infections: a Cluster Randomized Implementation Trial.
N96FALII,IR9N2LY8,DOI,True,10.1038/s41467-024-47896-z,38670986,PMC11053067,2024,Nature communications,NIAID,NCI,VERIFIED,VERIFIED,a5646498431e78a423d983226fc92ded,a5646498431e78a423d983226fc92ded,"A cluster-randomized trial of water, sanitation, handwashing and nutritional interventions on stress and epigenetic programming."
NAA22RTH,WUNIU4CC,DOI,False,10.1093/cid/ciac920,36458857,PMC10319771,2023,Clinical infectious diseases : an official publication of the Infectious Diseases Society of America,NIAID,NHLBI,VERIFIED,VERIFIED,38f41d07d531f3eb72b4165ce0ae6f80,d1ce8dea412642f227b0a4d130cfd02a,Household- Versus Incentive-Based Contact Investigation for Tuberculosis in Rural South Africa: A Cluster-Randomized Trial.
3C5XA7IA,4QHFZPVG,DOI,True,10.1186/s13012-020-0973-4,32143657,PMC7059349,2020,Implementation science : IS,NIAID,NHLBI,VERIFIED,VERIFIED,e685d43d321560dfc19c53e1879475e8,e685d43d321560dfc19c53e1879475e8,Systems analysis and improvement approach to optimize the hypertension diagnosis and care cascade for PLHIV individuals (SAIA-HTN): a hybrid type III cluster  randomized trial.
X83J4YUG,9SZ8F7SB,DOI,False,10.1093/cid/ciab601,34212181,PMC8946721,2022,Clinical infectious diseases : an official publication of the Infectious Diseases Society of America,NIAID,NHLBI,VERIFIED,VERIFIED,52814deb8c0ce4538f642d4b7ec757b4,82db5d92070e01540fb75321cde8900d,Conditional Cash Transfers to Incentivize Tuberculosis Screening: Description of a Novel Strategy for Contact Investigation in Rural South Africa.
3ZC4NVNY,ZDP4YJ9U,DOI,True,10.1038/s41467-024-45624-1,38378704,PMC10879131,2024,Nature communications,NIAID,NHLBI,VERIFIED,VERIFIED,0cacdf1ad943c9de05e220a68d3b4c6b,0cacdf1ad943c9de05e220a68d3b4c6b,WASH interventions and child diarrhea at the interface of climate and socioeconomic position in Bangladesh.
ZIKITPY8,7KTF6M73,DOI,False,10.1016/j.ahj.2020.08.009,32827458,PMC7437489,2020,American heart journal,NIAMS; NIGMS,NHLBI,VERIFIED,VERIFIED,9dbed7cf8073e4931eac47b9d35898b5,a1920d2aeb6323a04c1cb83aa53a59bc,Implementation of Multifaceted Patient-Centered Treatment Strategies for Intensive Blood Pressure Control (IMPACTS): Rationale and design of a  cluster-randomized trial.
RXFQY4XC,DPPC94XT,DOI,True,10.1016/j.cct.2021.106526,34371162,PMC8453124,2021,Contemporary clinical trials,NIBIB,NCI,VERIFIED,VERIFIED,110b21529098d7aebfd329d84be0d766,110b21529098d7aebfd329d84be0d766,"Testing the effectiveness of community-engaged citizen science to promote physical activity, foster healthier neighborhood environments, and advance health  equity in vulnerable communities: The Steps for Change randomized controlled  trial design and methods."
VYU7HU26,LSLZLVAS,DOI,True,10.1016/j.envint.2019.105150,31518936,PMC6868532,2019,Environment international,NICHD; NIEHS,NHLBI,VERIFIED,VERIFIED,15c689a74728071beafc577ad76b37ac,15c689a74728071beafc577ad76b37ac,Examining the relationship between household air pollution and infant microbial nasal carriage in a Ghanaian cohort.
UJ9UUMG8,4B9BMDV7,DOI,False,10.1001/jamanetworkopen.2020.15633,32865576,PMC7489868,2020,JAMA network open,NICHD; NIDDK; NIMH,NHLBI,VERIFIED,VERIFIED,fd8ee96223503e5b4437414601195813,2605253ef6a361ec8e6bcf6ca5f6b29f,Effectiveness of a Digital Cognitive Behavior Therapy-Guided Self-Help Intervention for Eating Disorders in College Women: A Cluster Randomized Clinical  Trial.
YZ2ZXEQJ,74ARW7SL,DOI,True,10.1186/s13063-018-3075-8,30558653,PMC6296093,2018,Trials,NICHD; NINR,NHLBI,VERIFIED,VERIFIED,485512cb176fd0ec5b6de9ae924b06e9,485512cb176fd0ec5b6de9ae924b06e9,Methods in the design and implementation of the Randomized Evaluation of Sedation Titration for Respiratory Failure (RESTORE) clinical trial.
4RZVCI4Z,54ZXRGZ7,DOI,True,10.5334/egems.284,30972358,PMC6450247,2019,"EGEMS (Washington, DC)",NICHD; NIDA; NIDDK; NIMH,NCI,VERIFIED,VERIFIED,b5bd09d98e692c3b9b2ec2f0ccfe7f84,b5bd09d98e692c3b9b2ec2f0ccfe7f84,Priorities Wizard: Multisite Web-Based Primary Care Clinical Decision Support Improved Chronic Care Outcomes with High Use Rates and High Clinician  Satisfaction Rates.
2YQ564QT,DGEX5HE7,DOI,False,10.1001/jamanetworkopen.2022.36370,36227597,PMC9561946,2022,JAMA network open,NICHD,NCI,VERIFIED,VERIFIED,cbe86739414e0389fc7692367c018c49,fe8b64be9f6827e544ea90d88bcc93ce,Impact of Vaping Prevention Advertisements on US Adolescents: A Randomized Clinical Trial.
XATUXZC5,ZBPWT8RC,DOI,False,10.1097/pcc.0000000000003073,36053072,PMC9624237,2022,Pediatric critical care medicine : a journal of the Society of Critical Care Medicine and the World Federation of Pediatric Intensive and Critical Care  Societies,NICHD,NHLBI,VERIFIED,VERIFIED,9e854e26d9026131c8ec431c3d6b61e4,fc2ebe47561bc4b5e24369d86050667a,The Temporal Association of the COVID-19 Pandemic and Pediatric Cardiopulmonary Resuscitation Quality and Outcomes.
X7J9NG8M,WJWMFQRJ,DOI,True,10.1093/tbm/iby026,30016518,PMC6457086,2018,Translational behavioral medicine,NICHD,NHLBI,VERIFIED,VERIFIED,5e454440b3487881c6f4a0be5a5b077a,5e454440b3487881c6f4a0be5a5b077a,Networks for prevention in 19 communities at the start of a large-scale community-based obesity prevention initiative.
CAYHBC44,YNAD85P3,DOI,True,10.1186/s13063-019-3284-9,30922358,PMC6438016,2019,Trials,NICHD,NHLBI,VERIFIED,VERIFIED,1747e0594ea8c5148613dfcb12a6aeb0,1747e0594ea8c5148613dfcb12a6aeb0,Use of a Geographic Information System to create treatment groups for group-randomized community trials: The Minnesota Heart Health Program.
BVLEIZ2H,URUAWZAY,DOI,False,10.1097/pcc.0000000000003368,37678381,PMC10843749,2024,Pediatric critical care medicine : a journal of the Society of Critical Care Medicine and the World Federation of Pediatric Intensive and Critical Care  Societies,NICHD,NHLBI,VERIFIED,VERIFIED,dbfbdb7170e95ea880cb7dba7ee2ca2b,5490e7732d84d75fe5f2dcdd8a7ec70f,Survival With Favorable Neurologic Outcome and Quality of Cardiopulmonary Resuscitation Following In-Hospital Cardiac Arrest in Children With Cardiac  Disease Compared With Noncardiac Disease.
QXN2CHIB,E8BGTQDI,DOI,True,10.1016/j.cct.2018.07.004,30017814,PMC6914341,2018,Contemporary clinical trials,NICHD,NHLBI,VERIFIED,VERIFIED,60987f0280a7b847c04f75975756d674,60987f0280a7b847c04f75975756d674,"Design and rationale of the ""Sedation strategy and cognitive outcome after critical illness in early childhood"" study."
SSNM9DRD,ZVIZFQCJ,DOI,False,10.1016/j.resuscitation.2023.109939,37625580,PMC10528057,2023,Resuscitation,NICHD,NHLBI,VERIFIED,VERIFIED,4fdb3797c04bfaab9cc64a3157cc8bdd,13ccabcc9f9738596b63619d2e2df313,Association of CPR simulation program characteristics with simulated and actual performance during paediatric in-hospital cardiac arrest.
I9DQXR3E,5KIH2CZ8,DOI,True,10.1186/s43058-020-00009-5,32391524,PMC7207049,2020,Implementation science communications,NIDA; NIMH,NCI,VERIFIED,VERIFIED,48a862aa92abc04f489aab6a9e2a3f2b,48a862aa92abc04f489aab6a9e2a3f2b,Improving the implementation and sustainment of evidence-based practices in community mental health organizations: a study protocol for a matched-pair  cluster randomized pilot study of the Collaborative Organizational Approach to  Selecting and Tailoring Implementation Strategies (COAST-IS).
Y4PS4QIT,PWWEDNNK,DOI,True,10.1016/j.addbeh.2020.106735,33248743,PMC7785675,2021,Addictive behaviors,NIDA,NCI,VERIFIED,VERIFIED,0ff51b87a93631b1cf89c433612e65c1,0ff51b87a93631b1cf89c433612e65c1,"Assessing barriers to providing tobacco use disorder treatment in community mental health settings with a revised version of the Smoking Knowledge,  Attitudes, and Practices (S-KAP) instrument."
FCNX4CVT,IWSKLNSK,DOI,False,10.1016/j.drugalcdep.2023.109873,37084508,PMC10198962,2023,Drug and alcohol dependence,NIDA,NCI,VERIFIED,VERIFIED,e30036f6104386c50f132198b93047fa,eb3edf5c29d342532804417e3eea0378,A randomized clinical trial testing two implementation strategies to promote the treatment of tobacco dependence in community mental healthcare.
QWHPR7PA,2LUUC2WH,DOI,True,10.1016/j.addbeh.2017.10.023,29128712,PMC5801765,2018,Addictive behaviors,NIDA,NCI,VERIFIED,VERIFIED,44503dc0a3895a56aecda554c0ef3c1c,44503dc0a3895a56aecda554c0ef3c1c,The impact of a brief cessation induction intervention for waterpipe tobacco smoking: A pilot randomized clinical trial.
J6N8MZHS,F4KF42R4,DOI,False,10.1200/jco.23.00355,37467454,PMC10552951,2023,Journal of clinical oncology : official journal of the American Society of Clinical Oncology,NIDA,NCI,VERIFIED,VERIFIED,82ae4a87c40fbd10fec26362cfd396be,5f00848bdc4be6c72313ca9c5e0e64c2,Cluster Randomized Pragmatic Clinical Trial Testing Behavioral Economic Implementation Strategies to Improve Tobacco Treatment for Patients With Cancer  Who Smoke.
S7RT34HI,WKMKUPTU,DOI,True,10.1093/ntr/nty239,30388273,PMC6468132,2019,Nicotine & tobacco research : official journal of the Society for Research on Nicotine and Tobacco,NIDA,NCI,VERIFIED,VERIFIED,b4b76c95c0f0e500934bfb4fdba32d10,b4b76c95c0f0e500934bfb4fdba32d10,A Cluster-Randomized Clinical Trial Testing the Effectiveness of the Addressing Tobacco Through Organizational Change Model for Improving the Treatment of  Tobacco Use in Community Mental Health Care: Preliminary Study Feasibility and  Baseline Findings.
DAWAUG53,WTLH8PPX,DOI,True,10.1016/j.addbeh.2020.106726,33278717,PMC7785638,2021,Addictive behaviors,NIDA,NCI,VERIFIED,VERIFIED,518e23dcdb5a9a4cbdb2a7d85626503b,518e23dcdb5a9a4cbdb2a7d85626503b,Implementation of a cluster randomized controlled trial: Identifying student peer leaders to lead E-cigarette interventions.
VQU2MLJH,DKMFB69S,DOI,True,10.1186/s12966-017-0637-1,29304862,PMC5756418,2018,The international journal of behavioral nutrition and physical activity,NIDDK; NINR,NCI,VERIFIED,VERIFIED,9c305277fd75a2a26cc16b7757d3f343,9c305277fd75a2a26cc16b7757d3f343,Cluster randomized controlled trial of a mobile market intervention to increase fruit and vegetable intake among adults in lower-income communities in North  Carolina.
STH5NWUN,JMLTZFI8,DOI,False,10.1016/j.jand.2018.04.010,29945851,PMC6309644,2019,Journal of the Academy of Nutrition and Dietetics,NIDDK; NINR,NCI,VERIFIED,VERIFIED,032f4c3f6ce9563831526ece46500c9b,2ab83a2ea78bd3807ade68cd32d44b7f,"A Cluster-Randomized Trial of a Mobile Produce Market Program in 12 Communities in North Carolina: Program Development, Methods, and Baseline Characteristics."
KCFTBNXD,P3KQJM4H,DOI,True,10.2196/54090,38568721,PMC11024742,2024,Journal of medical Internet research,NIDDK; NIGMS,NHLBI,VERIFIED,VERIFIED,0f7814e00405435df66291ad0557fee1,0f7814e00405435df66291ad0557fee1,Ambiguity in Statistical Analysis Methods and Nonconformity With Prespecified Commitment to Data Sharing in a Cluster Randomized Controlled Trial.
3LF3TY9W,D24FD6G2,DOI,False,10.1111/dme.13840,30343489,PMC7236318,2019,Diabetic medicine : a journal of the British Diabetic Association,NIDDK; NINDS,NHLBI,VERIFIED,VERIFIED,8a13a28a24e1d7ac8c72b5b8b9990530,6f742671644213c2581881f6cea2d35b,"Automated symptom and treatment side effect monitoring for improved quality of life among adults with diabetic peripheral neuropathy in primary care: a  pragmatic, cluster, randomized, controlled trial."
NPU43H6S,BNPVWAIY,DOI,True,10.1186/s13012-019-0949-4,31805973,PMC6896698,2019,Implementation science : IS,NIDDK; NIMH,NHLBI,VERIFIED,VERIFIED,a5ea9e19d6ecaea67ad217a0403db813,a5ea9e19d6ecaea67ad217a0403db813,The impact of basic vs. enhanced Go NAPSACC on child care centers' healthy eating and physical activity practices: protocol for a type 3 hybrid  effectiveness-implementation cluster-randomized trial.
XL7X4Q6K,TUYKW32A,DOI,False,10.1037/ccp0000786,36634022,PMC10198808,2023,Journal of consulting and clinical psychology,NIDDK; NIMH; NIMHD,NHLBI,VERIFIED,VERIFIED,0d936a3a73038574e4e8dec19fbd4301,d24e656d78ba3faa54327baa01033915,Moderators and mediators of a digital cognitive behavior therapy-guided self-help intervention for eating disorders: Informing future design efforts.
TCS56FZY,KQHQ9KMW,DOI,False,10.1001/jamapsychiatry.2019.3483,31693069,PMC6865264,2020,JAMA psychiatry,NIDDK; NIMH,NHLBI,VERIFIED,VERIFIED,40f3ef036b3988724796651c00bb4391,82133922c712d84452da5232f13ba37a,Training Models for Implementing Evidence-Based Psychological Treatment: A Cluster-Randomized Trial in College Counseling Centers.
K3SDIB4E,WZJBF75Y,DOI,True,10.1186/s43058-022-00307-0,35668517,PMC9171954,2022,Implementation science communications,NIDDK; NIGMS,NCI,VERIFIED,VERIFIED,a70dd012fb68cab324f939892e7bd4fa,a70dd012fb68cab324f939892e7bd4fa,"Implementation fidelity, attitudes, and influence: a novel approach to classifying implementer behavior."
CZXHZ5F2,HFCRYZ8E,DOI,False,10.1176/appi.ps.202000702,34189934,PMC8941627,2021,"Psychiatric services (Washington, D.C.)",NIDDK; NIMH,NHLBI,VERIFIED,VERIFIED,df9347d2c889cac85f74eb1c3499c1d7,09958f3d4ddf76c7a150802e0b1de863,Maintenance of Training Effects of Two Models for Implementing Evidence-Based Psychological Treatment.
4D7EX7WA,4RJRGIRQ,DOI,False,10.1002/pon.4828,29956391,PMC8015397,2018,Psycho-oncology,NIDDK; NIMHD,NCI,VERIFIED,VERIFIED,e5732e673787e065d187b7505b43e157,9b3eda76d8b9b98951c2f0800bce15cc,Social support and breast cancer screening in rural Appalachia.
XGJ6Z38W,VKY7UK64,DOI,False,10.1002/oby.23373,35195364,PMC9203170,2022,"Obesity (Silver Spring, Md.)",NIDDK; NIGMS,NCI,VERIFIED,VERIFIED,b91f66d91ee83db26fb40a79909b3eb1,0c4a388e113414d7fc1dbd32e0e4ef3d,A practical decision tree to support editorial adjudication of submitted parallel cluster randomized controlled trials.
3BRBKRE4,2QQAF298,DOI,True,10.1016/j.cct.2018.02.018,29501740,PMC5944351,2018,Contemporary clinical trials,NIDDK,NHLBI,VERIFIED,VERIFIED,e99d46d7ea15be5313cfe0a95bb67a36,e99d46d7ea15be5313cfe0a95bb67a36,"Workplace health and safety intervention for child care staff: Rationale, design, and baseline results from the CARE cluster randomized control trial."
VH6KS89D,TVL564PH,DOI,False,10.1016/j.ypmed.2019.105974,31899253,PMC8091030,2020,Preventive medicine,NIDDK,NHLBI,VERIFIED,VERIFIED,d2e667ab4adde6290a49a590d1bcdbaf,a1aa60b362731b3aa058850b4c196df9,Keys to healthy family child care homes: Results from a cluster randomized trial.
2QVEH4DA,CMD8N46A,DOI,True,10.1186/s13012-018-0819-5,30257695,PMC6158899,2018,Implementation science : IS,NIDDK,NCI,VERIFIED,VERIFIED,141b9770dd594f965e8a37f3d2ae1c20,141b9770dd594f965e8a37f3d2ae1c20,"Developing an evidence-based program sustainability training curriculum: a group randomized, multi-phase approach."
6AUXHCLQ,J2XGTHGE,DOI,False,10.1093/tbm/ibaa113,33231679,PMC8033596,2021,Translational behavioral medicine,NIDDK,NHLBI,VERIFIED,VERIFIED,46ecaab0e749209ba022173fa2f6f57d,f35fa12695ab094a556f4ae9437fd18d,"Evaluating a child care-based social marketing approach for improving children's diet and physical activity: results from the Healthy Me, Healthy We  cluster-randomized controlled trial."
IA8B39HJ,SFJI363E,DOI,False,10.1016/j.clnesp.2023.04.020,37344091,,2023,Clinical nutrition ESPEN,NIDDK,NHLBI,VERIFIED,VERIFIED,f9970e3ee4aa676e49bf8eeedc9472cb,d069d2f5e1991fb7f5f249cf9dfb8d48,The impact of avocado intake on anthropometric measures among Hispanic/Latino children and adolescents: A cluster randomized controlled trial.
4842MXRJ,BDSYFVYJ,DOI,True,10.1016/j.jand.2018.08.154,30497638,PMC6365002,2018,Journal of the Academy of Nutrition and Dietetics,NIDDK,NHLBI,VERIFIED,VERIFIED,92f7c0fd693c0392498c821c49055f72,92f7c0fd693c0392498c821c49055f72,Nutritional Quality of Meals and Snacks Served and Consumed in Family Child Care.
TEFXU38J,UPVYYFVQ,DOI,True,10.3390/nu13114021,34836276,PMC8623192,2021,Nutrients,NIDDK,NHLBI,VERIFIED,VERIFIED,604c10d141dc2b50c42aeec54b4fa074,604c10d141dc2b50c42aeec54b4fa074,Effects of Different Allotments of Avocados on the Nutritional Status of Families: A Cluster Randomized Controlled Trial.
EMLAU9R2,4TRC3UDD,DOI,True,10.1186/s13063-022-06581-6,35971135,PMC9376908,2022,Trials,NIDDK,NHLBI,VERIFIED,VERIFIED,469626e09e727baba0edbdda0a299296,469626e09e727baba0edbdda0a299296,Improving diabetic patients' adherence to treatment and prevention of cardiovascular disease (Office Guidelines Applied to Practice-IMPACT Study)-a  cluster randomized controlled effectiveness trial.
ZBADI59C,NT3UR2AB,DOI,True,10.1016/j.jneb.2018.09.001,30385250,PMC6392451,2019,Journal of nutrition education and behavior,NIDDK,NHLBI,VERIFIED,VERIFIED,eb94968e8d9d99e8009b1294c115d564,eb94968e8d9d99e8009b1294c115d564,The Impact of a Healthy Weight Intervention Embedded in a Home-Visiting Program on Children's Weight and Mothers' Feeding Practices.
SCUD3NQX,LNWR884A,DOI,True,10.1186/s13012-024-01340-4,38308331,PMC10835962,2024,Implementation science : IS,NIDDK,NCI,VERIFIED,VERIFIED,8f624f855525785b413d3c2334d79ff6,8f624f855525785b413d3c2334d79ff6,Action planning for building public health program sustainability: results from a group-randomized trial.
96PZQHL7,4HG9V6HL,DOI,True,10.1007/s10865-021-00231-z,34003418,PMC9105808,2021,Journal of behavioral medicine,NIDDK,NCI,VERIFIED,VERIFIED,0fa6c9015179b4ad4a0e3829bcb97a3d,0fa6c9015179b4ad4a0e3829bcb97a3d,Psychological and behavioral pathways between perceived stress and weight change in a behavioral weight loss intervention.
5266YCKT,9HBYKQR8,DOI,False,10.1001/jamanetworkopen.2018.1617,30646139,PMC6324502,2018,JAMA network open,NIDDK,NHLBI,VERIFIED,VERIFIED,1b13d71b7d1cd6701b50463782407d63,8c98d03850d28c6ea789c860f0085238,Long-term Outcomes of the Effects of Home Blood Pressure Telemonitoring and Pharmacist Management on Blood Pressure Among Adults With Uncontrolled  Hypertension: Follow-up of a Cluster Randomized Clinical Trial.
3H3GT54W,GVQJHIGK,DOI,True,10.3390/ijerph19010106,35010364,PMC8750233,2021,International journal of environmental research and public health,NIDDK,NCI,VERIFIED,VERIFIED,5e270221c8b764490fd569653059a9ae,5e270221c8b764490fd569653059a9ae,Efficacy of an Enhanced Implementation Strategy to Increase Parent Engagement with a Health Promotion Program in Childcare.
HNTHNNPQ,YCFJFHMC,DOI,False,10.1016/j.jand.2019.09.018,31831384,PMC7062230,2020,Journal of the Academy of Nutrition and Dietetics,NIDDK,NHLBI,VERIFIED,VERIFIED,b571432a01d60b28f361a7d1dad3c4a3,8358b62d51d08f6d50501e9beb969a53,Contributions of Early Care and Education Programs to Diet Quality in Children Aged 3 to 4 Years in Central North Carolina.
8QE3UFRY,KDH4XJIC,DOI,True,10.1186/s12882-020-02117-9,33167882,PMC7654057,2020,BMC nephrology,NIDDK,NHLBI,VERIFIED,VERIFIED,55d9106d94ea9ff99d65419d6abc3b4e,55d9106d94ea9ff99d65419d6abc3b4e,"Financial incentives versus standard of care to improve patient compliance with live kidney donor follow-up: protocol for a multi-center, parallel-group  randomized controlled trial."
5VYK75CC,3MBN8DIA,DOI,False,10.1080/24733938.2023.2190998,36914960,PMC10551047,2024,Science & medicine in football,NIDDK,NHLBI,VERIFIED,VERIFIED,517c06d9729e3abeb5b4dd0ea919cbd9,811008e13bb8c061daf786d7a22600e4,"Individually randomized trial mislabeled as a cluster-randomized trial. Comment on: ""Effectiveness of wearable technology to optimize youth soccer players'  off-training behaviour and training responses: a cluster-randomized trial""."
CLBTRHLY,A9KIMSNR,DOI,False,10.1177/21501327211057643,34866483,PMC8652912,2021,Journal of primary care & community health,NIDDK,NCI,VERIFIED,VERIFIED,10470a81f4f0fd9e63646093e6708de8,7af092e925cef5ba37d8e46fda160a9d,Feasibility and Acceptability of a Type 2 Diabetes Prevention Intervention for Mothers and Children at a Federally Qualified Healthcare Center.
FUFP3JNL,L2VHUDMD,DOI,False,10.1370/afm.2352,30858257,PMC6411400,2019,Annals of family medicine,NIDDK,NHLBI,VERIFIED,VERIFIED,3d1c27a36aea7cd05fbf9e1783ea62e9,1c1694141e1fe50bdcf26fc3c5b1af4e,Visit Planning Using a Waiting Room Health IT Tool: The Aligning Patients and Providers Randomized Controlled Trial.
7D4LSQQL,WPF7MUCV,DOI,False,10.1089/chi.2019.0142,32078372,PMC7047086,2020,Childhood obesity (Print),NIDDK,NHLBI,VERIFIED,VERIFIED,4c0d9db6e417af1d914613ecc01f6db3,ff6d41475f2cb2a66e209b59a2db8c2d,Incorrect Analyses of Cluster-Randomized Trials that Do Not Take Clustering and Nesting into Account Likely Lead to p-Values that Are Too Small.
ZS9HPC7S,3B8K39D8,DOI,False,10.1001/jamanetworkopen.2021.46519,35119463,PMC8817199,2022,JAMA network open,NIDDK,NHLBI,VERIFIED,VERIFIED,612df637cbecdaef4aae51d8196e6fc3,f61d8df495ff58032c9ef57bba698856,Effect of Clinical Decision Support at Community Health Centers on the Risk of Cardiovascular Disease: A Cluster Randomized Clinical Trial.
YBR6NA98,Z7NF2G6Q,DOI,False,10.1123/jpah.2021-0677,35272263,PMC9864196,2022,Journal of physical activity & health,NIDDK,NCI,VERIFIED,VERIFIED,c948f090adb76e0a8c1a7299c9867314,3695e085f12e6bc7f89b4a7ab7dc4b98,Objective Measures of Physical Activity in Rural Communities: Factors Associated With a Valid Wear and Lessons Learned.
LGP8N6G6,WCA66X4I,DOI,True,10.1016/j.cct.2021.106271,33503497,PMC8009827,2021,Contemporary clinical trials,NIDDK,NCI,VERIFIED,VERIFIED,9f1cf7db3ccf5d07ee3f27596bedd0cd,9f1cf7db3ccf5d07ee3f27596bedd0cd,Design and rationale of an intervention to improve cancer prevention using clinical decision support and shared decision making: A clinic-randomized trial.
3KRFH8XE,FEHWGZSQ,DOI,True,10.1371/journal.pmed.1003964,35427357,PMC9053793,2022,PLoS medicine,NIDDK,NHLBI,VERIFIED,VERIFIED,96619a92fa7540407442d7448255b66b,96619a92fa7540407442d7448255b66b,"Evaluation of an adapted version of the Diabetes Prevention Program for low- and middle-income countries: A cluster randomized trial to evaluate ""Lifestyle  Africa"" in South Africa."
AL4NSSUI,UD8UUMUN,DOI,False,10.3122/jabfm.2022.220391r2,37704387,PMC10680997,2023,Journal of the American Board of Family Medicine : JABFM,NIDDK,NHLBI,VERIFIED,VERIFIED,f4bc31a706d6e73efdb893ac298d2803,69881de04d1e291cdd5d6671410222cb,Does Clinical Decision Support Increase Appropriate Medication Prescribing for Cardiovascular Risk Reduction?
7KFKZX8A,RJD9XX6D,DOI,True,10.1186/s12889-019-6443-8,30700262,PMC6354358,2019,BMC public health,NIDDK,NCI,VERIFIED,VERIFIED,d4cb6d3880f8cd59f96b85f7f18764ea,d4cb6d3880f8cd59f96b85f7f18764ea,A multilevel approach for promoting physical activity in rural communities: a cluster randomized controlled trial.
2K6MPX29,3SUSMNR7,DOI,False,10.1164/rccm.201804-0694oc,30256656,PMC6423100,2019,American journal of respiratory and critical care medicine,NIEHS,NHLBI,VERIFIED,VERIFIED,e04aaf6b69bfe2dc6cd14027cd95e61a,0f12f0e15055847db738f206b5a7e9a4,"Prenatal Household Air Pollution Is Associated with Impaired Infant Lung Function with Sex-Specific Effects. Evidence from GRAPHS, a Cluster Randomized Cookstove  Intervention Trial."
T5IM4AH3,7M6ST2JQ,DOI,False,10.1080/02770903.2020.1856869,33307900,PMC8285039,2022,The Journal of asthma : official journal of the Association for the Care of Asthma,NIEHS,NHLBI,VERIFIED,VERIFIED,bbd6c5c5bb98bfe70f4dd0087afa0987,9df5c27c8c25292b66765a5d1359949c,Effect of the School-Based Asthma Care for Teens (SB-ACT) program on asthma morbidity: a 3-arm randomized controlled trial.
LHEJ2FX5,IASMJG49,DOI,True,10.1186/s12875-023-02186-3,37946132,PMC10634067,2023,BMC primary care,NIEHS,NCI,VERIFIED,VERIFIED,3d4c51eae8a826004b8c0d912af9bcde,3d4c51eae8a826004b8c0d912af9bcde,Adapting and implementing breast cancer follow-up in primary care: protocol for a mixed methods hybrid type 1 effectiveness-implementation cluster randomized  study.
638GS4WW,99MJ924A,DOI,False,10.1002/cncr.32127,31034597,,2019,Cancer,NIGMS; NIMH,NCI,VERIFIED,VERIFIED,76a2210523d90013db693484f176dbaa,8b86458f5ae35206bd46806483315156,"Prognostic accuracy of patients, caregivers, and oncologists in advanced cancer."
ML28EFGN,2RDD8DGI,DOI,False,10.1001/jamainternmed.2018.5713,30556832,PMC6439644,2019,JAMA internal medicine,NIGMS,NCI,VERIFIED,VERIFIED,5c86b39ffc7ccbd20c30c936e140ac7a,7459e637f231696649c791ec4e4a3dff,Efficacy of Mobile Phone-Delivered Smoking Cessation Interventions for Socioeconomically Disadvantaged Individuals: A Randomized Clinical Trial.
9KXCEXY4,8R8U6VMX,DOI,False,10.1016/j.amepre.2019.05.011,31473065,PMC6755040,2019,American journal of preventive medicine,NIGMS,NHLBI,VERIFIED,VERIFIED,d6419cd8ea02a3cb02425f66fde5ff3b,60b3475ae9ab4d0730328d61ace13b69,Cluster Randomized Trial for Hypertension Control: Effect on Lifestyles and Body Weight.
HPMCVUYQ,FZB8IQSZ,DOI,False,10.1016/j.jval.2018.06.003,30502778,PMC6457112,2018,Value in health : the journal of the International Society for Pharmacoeconomics and Outcomes Research,NIGMS,NHLBI,VERIFIED,VERIFIED,78cf52f66b8f9afd74521a3d2a9c1a75,126c20130fa061a249b7b5faa0a09fda,Cost-Effectiveness of a Comprehensive Approach for Hypertension Control in Low-Income Settings in Argentina: Trial-Based Analysis of the Hypertension  Control Program in Argentina.
4IHUVZLN,6QNQDH2P,DOI,False,10.1111/cdev.13432,32865229,PMC7905957,2020,Child development,NIMH,NHLBI,VERIFIED,VERIFIED,ea07bfe2f839993d2bd028a449299e3c,ff23ef261cd80d16215958b9a4cd1ca1,Early Emotion Knowledge and Later Academic Achievement Among Children of Color in Historically Disinvested Neighborhoods.
5NR7NMK7,ILWWS7LD,DOI,True,10.1186/s13063-023-07900-1,38225677,PMC10788981,2024,Trials,NIMH,NCI,VERIFIED,VERIFIED,d024916ce7f73942d399fb2944b8864f,d024916ce7f73942d399fb2944b8864f,The Transdiagnostic Intervention for Sleep and Circadian Dysfunction (TranS-C) for serious mental illness in community mental health part 3: study protocol to  evaluate sustainment in a hybrid type 2 effectiveness-implementation  cluster-randomized trial.
XLJ8EEGM,C9P63S2B,DOI,True,10.1186/s43058-023-00437-z,37237302,PMC10214641,2023,Implementation science communications,NIMH,NCI,VERIFIED,VERIFIED,c22c3f95708c592c28300d9c7b0c592f,c22c3f95708c592c28300d9c7b0c592f,Team-focused implementation strategies to improve implementation of mental health screening and referral in rural Children's Advocacy Centers: study protocol for a  pilot cluster randomized hybrid type 2 trial.
CDNDDFVP,B9YG8GYQ,DOI,True,10.3390/ijerph19095511,35564909,PMC9102810,2022,International journal of environmental research and public health,NIMHD; NINR,NCI,VERIFIED,VERIFIED,e725651944b4692693fd064c41a0c3bd,e725651944b4692693fd064c41a0c3bd,Sustainability via Active Garden Education: The Sustainability Action Plan Model and Process.
LNHMBK89,677HVIFJ,DOI,False,10.1002/cncr.34062,34890060,PMC8882149,2022,Cancer,NIMHD,NCI,VERIFIED,VERIFIED,52bc03c428840177b84c6210836d60c2,c49b64362503fdf07fb0a3d995245618,Decision aids for localized prostate cancer in diverse minority men: Primary outcome results from a multicenter cancer care delivery trial (Alliance  A191402CD).
2SH9H8T4,K8TKE6RJ,DOI,True,10.18865/ed.29.2.297,31057315,PMC6478040,2019,Ethnicity & disease,NIMHD,NHLBI,VERIFIED,VERIFIED,3b158937bc9ade2f1c9e25f4d90b8de1,3b158937bc9ade2f1c9e25f4d90b8de1,"Longitudinal Changes in Allostatic Load during a Randomized Church-based, Lifestyle Intervention in African American Women."
ABTDMI8L,ASUUZY3Z,DOI,True,10.1016/j.vaccine.2020.03.052,32354671,PMC7263386,2020,Vaccine,NIMHD,NCI,VERIFIED,VERIFIED,453da0018c08be7d08d61e67650902e2,453da0018c08be7d08d61e67650902e2,"HPV vaccine uptake among daughters of Latinx immigrant mothers: Findings from a cluster randomized controlled trial of a community-based, culturally relevant  intervention."
2RSZ96NM,CN8B23MZ,DOI,False,10.1177/2752535x241235992,38406923,PMC12447656,2024,Community health equity research & policy,NIMHD,NCI,VERIFIED,VERIFIED,2ac420bca4584af9161e09ac68f56f10,188ec5e4bc36c9e0f9327b98e1ee9604,Effects of a Faith-Based Obesity Intervention on African American and Latino Adults' Children.
C69ZCY8Y,FCXQJYSP,DOI,False,10.1177/17407745231167123,37050880,PMC10523847,2023,"Clinical trials (London, England)",NIMHD,NCI,VERIFIED,VERIFIED,983372bc92faec25f53c16607ba2ddbd,cdda67893de155bbafef36ab0a2aa9c0,Lessons learned from conducting the first cancer care delivery trial in the Alliance for Clinical Trials in Oncology (Alliance A191402CD).
I7LYX39I,EH85EJ36,DOI,True,10.1016/j.numecd.2020.06.005,32605881,PMC7494631,2020,"Nutrition, metabolism, and cardiovascular diseases : NMCD",NIMHD,NHLBI,VERIFIED,VERIFIED,bd57feabdd2f6905244b789aca65f56a,bd57feabdd2f6905244b789aca65f56a,Reducing metabolic syndrome through a community-based lifestyle intervention in African American women.
Q472RUI9,QGRTXZZH,DOI,False,10.1002/cncr.31134,29131316,PMC5821582,2018,Cancer,NIMHD,NCI,VERIFIED,VERIFIED,86649802a6e7d854658a3c2f2f99429e,adb1fd6a068803e94741335df0032731,Efficacy of a community-based participatory and multilevel intervention to enhance hepatitis B virus screening and vaccination in underserved Korean  Americans.
ENWUMAJ6,Y9EY4XQ8,DOI,False,10.1016/j.ahj.2022.10.003,36220355,PMC9742137,2023,American heart journal,NIMHD,NHLBI,VERIFIED,VERIFIED,30d4bb87ecb7027793c00cf1bc14c24b,86c32fbf7062608569d5a65adfae19c1,"Reducing ethnic and racial disparities by improving undertreatment, control, and engagement in blood pressure management with health information technology  (REDUCE-BP) hybrid effectiveness-implementation pragmatic trial: Rationale and  design."
4NCCEB97,RKXS5GKB,DOI,True,10.18865/ed.31.1.47,33519155,PMC7843053,2021,Ethnicity & disease,NIMHD,NHLBI,VERIFIED,VERIFIED,d30d96c9840216a1857d4b1b84a27a96,d30d96c9840216a1857d4b1b84a27a96,Social Determinants of Health as Potential Influencers of a Collaborative Care Intervention for Patients with Hypertension.
PIQT5A3I,TEXLFQSL,DOI,False,10.1001/jamanetworkopen.2023.49666,38175648,PMC10767607,2024,JAMA network open,NIMHD,NHLBI,VERIFIED,VERIFIED,a7506f75d033924facff06e0d60d0ada,759b0a30da6ae6da08343462284fd2c8,Mobile Application-Based Communication Facilitation Platform for Family Members of Critically Ill Patients: A Randomized Clinical Trial.
JSTTSB8E,DFJE8ALD,DOI,True,10.1186/s12966-022-01329-6,35907867,PMC9338625,2022,The international journal of behavioral nutrition and physical activity,NIMHD,NCI,VERIFIED,VERIFIED,a8d2c8a22ab2b02db181b088f937892e,a8d2c8a22ab2b02db181b088f937892e,Two-year outcomes of Faith in Action/Fe en Acción: a randomized controlled trial of physical activity promotion in Latinas.
CEC5MDFZ,J4BU3EEE,DOI,False,10.1177/0890117117699927,28359166,PMC5568499,2018,American journal of health promotion : AJHP,NINR,NCI,VERIFIED,VERIFIED,a2125c86653c9ae44e7ba8afa5e6f3bc,ffd947e555f177243c143f9ceb214739,Leisure-Time Physical Activity and Characteristics of Social Network Support for Exercise Among Latinas.
