pair_id,paper_id,zotero_group,collection,spans_two_groups,pdf_bytes_identical,doi,pmid,year,journal,verdict,attachment_key,md5,title
PAIR01,HPIL7WVW,NCI,FinalCollectionFor Publication,True,False,10.1001/jamainternmed.2021.5185,34515737,2021,JAMA internal medicine,VERIFIED,VQWWWRUQ,4032f4364318ec9ca2320de12ed19a71,Effect of an Oncology Nurse-Led Primary Palliative Care Intervention on Patients With Advanced Cancer: The CONNECT Cluster Randomized Clinical Trial
PAIR01,D8CQJP9V,NHLBI,Locked_26_01_08_337,True,False,10.1001/jamainternmed.2021.5185,34515737,2021,JAMA internal medicine,VERIFIED,AUZ3XV3S,d08f00be3abd7a52f02eb02889e64894,Effect of an Oncology Nurse-Led Primary Palliative Care Intervention on Patients With Advanced Cancer: The CONNECT Cluster Randomized Clinical Trial
PAIR02,VKY7UK64,NCI,FinalCollectionFor Publication,True,False,10.1002/oby.23373,35195364,2022,"Obesity (Silver Spring, Md.)",VERIFIED,U5IVSC2N,0c4a388e113414d7fc1dbd32e0e4ef3d,A practical decision tree to support editorial adjudication of submitted parallel cluster randomized controlled trials
PAIR02,UAZFWMQ5,NHLBI,Locked_26_01_08_337,True,False,10.1002/oby.23373,35195364,2022,"Obesity (Silver Spring, Md.)",VERIFIED,RWEJHPHY,a6f57e211bf4e5e984c6faec9b7f1b77,A practical decision tree to support editorial adjudication of submitted parallel cluster randomized controlled trials
PAIR03,HLQA5RI6,NCI,FinalCollectionFor Publication,True,True,10.1007/s11606-020-06571-x,33835315,2021,Journal of General Internal Medicine,VERIFIED,AP5YM343,0277347c41ed9615c0c052c1291b62e3,Teaching Medical Students to Help Patients Manage Their Weight: Outcomes of an Eight-School Randomized Controlled Trial
PAIR03,QQ3EW96Q,NHLBI,Locked_26_01_08_337,True,True,10.1007/s11606-020-06571-x,33835315,2021,Journal of General Internal Medicine,VERIFIED,2A834YV4,0277347c41ed9615c0c052c1291b62e3,Teaching Medical Students to Help Patients Manage Their Weight: Outcomes of an Eight-School Randomized Controlled Trial
PAIR04,DPPC94XT,NCI,FinalCollectionFor Publication,True,False,10.1016/j.cct.2021.106526,34371162,2021,Contemporary Clinical Trials,VERIFIED,R3FTFUPB,110b21529098d7aebfd329d84be0d766,"Testing the effectiveness of community-engaged citizen science to promote physical activity, foster healthier neighborhood environments, and advance health equity in vulnerable communities: The Steps for Change randomized controlled trial design and methods"
PAIR04,6EI22ZER,NHLBI,Locked_26_01_08_337,True,False,10.1016/j.cct.2021.106526,34371162,2021,Contemporary Clinical Trials,VERIFIED,LH8WRKQI,74a444d4461998bc1a1a0e564957c542,"Testing the effectiveness of community-engaged citizen science to promote physical activity, foster healthier neighborhood environments, and advance health equity in vulnerable communities: The Steps for Change randomized controlled trial design and methods"
PAIR05,NCY67FZ9,NCI,FinalCollectionFor Publication,True,True,10.1016/j.jagp.2019.04.011,31138456,2019,The American Journal of Geriatric Psychiatry: Official Journal of the American Association for Geriatric Psychiatry,VERIFIED,XKGDU2X5,5bd793b4b867ccc59b043052d2a4618d,Changes in Moderate Intensity Physical Activity Are Associated With Better Cognition in the Multilevel Intervention for Physical Activity in Retirement Communities (MIPARC) Study
PAIR05,FUSDUXRL,NHLBI,Locked_26_01_08_337,True,True,10.1016/j.jagp.2019.04.011,31138456,2019,The American Journal of Geriatric Psychiatry: Official Journal of the American Association for Geriatric Psychiatry,VERIFIED,3TTIMVA2,5bd793b4b867ccc59b043052d2a4618d,Changes in Moderate Intensity Physical Activity Are Associated With Better Cognition in the Multilevel Intervention for Physical Activity in Retirement Communities (MIPARC) Study
PAIR06,XYJLRGVC,NCI,FinalCollectionFor Publication,True,True,10.1016/j.jpainsymman.2018.07.005,30025937,2018,Journal of Pain and Symptom Management,VERIFIED,ULFUACPZ,d300d7e9f968b68744ff79d3c2ef7719,"Quality of Communication and Trust in Patients With Serious Illness: An Exploratory Study of the Relationships of Race/Ethnicity, Socioeconomic Status, and Religiosity"
PAIR06,Y3Z3PR9V,NHLBI,Locked_26_01_08_337,True,True,10.1016/j.jpainsymman.2018.07.005,30025937,2018,Journal of Pain and Symptom Management,VERIFIED,Z3BB2ZMS,d300d7e9f968b68744ff79d3c2ef7719,"Quality of Communication and Trust in Patients With Serious Illness: An Exploratory Study of the Relationships of Race/Ethnicity, Socioeconomic Status, and Religiosity"
PAIR07,62TBCTHX,NCI,FinalCollectionFor Publication,True,False,10.1016/j.jpainsymman.2022.11.025,36503155,2023,Journal of Pain and Symptom Management,VERIFIED,J64V58KH,53e3ae26b59360233b3b9bab522af389,Examining Caregiver Outcomes in the CONNECT Intervention for Patients With Advanced Cancer
PAIR07,6ZR6F8KG,NHLBI,Locked_26_01_08_337,True,False,10.1016/j.jpainsymman.2022.11.025,36503155,2023,Journal of Pain and Symptom Management,VERIFIED,EI525UYA,85da06e39f3f9f8b79e7cdb0eaf380e0,Examining Caregiver Outcomes in the CONNECT Intervention for Patients With Advanced Cancer
PAIR08,Z7NF2G6Q,NCI,FinalCollectionFor Publication,True,False,10.1123/jpah.2021-0677,35272263,2022,Journal of Physical Activity & Health,VERIFIED,HHLL4X4Y,3695e085f12e6bc7f89b4a7ab7dc4b98,Objective Measures of Physical Activity in Rural Communities: Factors Associated With a Valid Wear and Lessons Learned
PAIR08,BMCWCLQH,NHLBI,Locked_26_01_08_337,True,False,10.1123/jpah.2021-0677,35272263,2022,Journal of Physical Activity & Health,VERIFIED,LCFP4K6U,159b2b8551c494987d563e003d2921f0,Objective Measures of Physical Activity in Rural Communities: Factors Associated With a Valid Wear and Lessons Learned
PAIR09,B6VJ22FA,NCI,FinalCollectionFor Publication,True,False,10.1177/02692163231214422,38087831,2024,Palliative Medicine,VERIFIED,XHUL6KY2,279d671adfbafe04241e68a45b882789,Hope and illness expectations: A cross-sectional study in patients with advanced cancer
PAIR09,GIHWCXEH,NHLBI,Locked_26_01_08_337,True,False,10.1177/02692163231214422,38087831,2024,Palliative Medicine,VERIFIED,KP2C36BJ,751575d8710e883d1a429cbb6a424325,Hope and illness expectations: A cross-sectional study in patients with advanced cancer
PAIR10,RJD9XX6D,NCI,FinalCollectionFor Publication,True,True,10.1186/s12889-019-6443-8,30700262,2019,BMC public health,VERIFIED,6FIV57BQ,d4cb6d3880f8cd59f96b85f7f18764ea,A multilevel approach for promoting physical activity in rural communities: a cluster randomized controlled trial
PAIR10,9G7ZMMY3,NHLBI,Locked_26_01_08_337,True,True,10.1186/s12889-019-6443-8,30700262,2019,BMC public health,VERIFIED,LW8YHMQW,d4cb6d3880f8cd59f96b85f7f18764ea,A multilevel approach for promoting physical activity in rural communities: a cluster randomized controlled trial
PAIR11,SH5J2R2J,NCI,FinalCollectionFor Publication,True,True,10.1186/s12966-024-01602-w,38730407,2024,The International Journal of Behavioral Nutrition and Physical Activity,VERIFIED,JG2ENMCB,40a38a85b3c3e15c1aa7a6f7177442e5,Evaluation of a walking school bus program: a cluster randomized controlled trial
PAIR11,W5Z7K27W,NHLBI,Locked_26_01_08_337,True,True,10.1186/s12966-024-01602-w,38730407,2024,The International Journal of Behavioral Nutrition and Physical Activity,VERIFIED,BPQJ7RZ6,40a38a85b3c3e15c1aa7a6f7177442e5,Evaluation of a walking school bus program: a cluster randomized controlled trial
PAIR12,VGG3KIMT,NCI,FinalCollectionFor Publication,True,True,10.1186/s13012-024-01368-6,38867283,2024,Implementation science: IS,VERIFIED,SGGRC3YZ,dfd44ecef43f9ac418a0a424753bf280,"Scaling up a brief alcohol intervention to prevent HIV infection in Vietnam: a cluster randomized, implementation trial"
PAIR12,TCF92VSK,NHLBI,Locked_26_01_08_337,True,True,10.1186/s13012-024-01368-6,38867283,2024,Implementation science: IS,VERIFIED,7HBFYWGC,dfd44ecef43f9ac418a0a424753bf280,"Scaling up a brief alcohol intervention to prevent HIV infection in Vietnam: a cluster randomized, implementation trial"
PAIR13,E92KWK4B,NCI,FinalCollectionFor Publication,True,True,10.18865/ed.decipher.18,38846735,2023,Ethnicity & Disease,VERIFIED,ZWVHNBKP,3209f396d315ed27c76c6586fcbcf02e,Process of Engaging Community and Scientific Partners in the Development of the CIRCL-Chicago Study Protocol
PAIR13,ASTFEXJ3,NHLBI,Locked_26_01_08_337,True,True,10.18865/ed.decipher.18,38846735,2023,Ethnicity & Disease,VERIFIED,YFQCVJGG,3209f396d315ed27c76c6586fcbcf02e,Process of Engaging Community and Scientific Partners in the Development of the CIRCL-Chicago Study Protocol
PAIR14,BCPZNXV7,NCI,FinalCollectionFor Publication,True,True,10.3390/nu11102320,31581416,2019,Nutrients,VERIFIED,B95EFKLZ,aaac1e5072e4205b342dd004211709f7,"Eating Occasions, Obesity and Related Behaviors in Working Adults: Does it Matter When You Snack?"
PAIR14,I842F22F,NHLBI,Locked_26_01_08_337,True,True,10.3390/nu11102320,31581416,2019,Nutrients,VERIFIED,NC2Q5LPZ,aaac1e5072e4205b342dd004211709f7,"Eating Occasions, Obesity and Related Behaviors in Working Adults: Does it Matter When You Snack?"
PAIR15,Y65DB7TT,NCI,FinalCollectionFor Publication,True,True,10.6004/jnccn.2023.7002,37015338,2023,Journal of the National Comprehensive Cancer Network: JNCCN,VERIFIED,Z6TFR6GR,1b3dc6ba530c7364ae4095697bb019c7,Primary Palliative Care Improves Uptake of Advance Care Planning Among Patients With Advanced Cancers
PAIR15,JNJYCIH8,NHLBI,Locked_26_01_08_337,True,True,10.6004/jnccn.2023.7002,37015338,2023,Journal of the National Comprehensive Cancer Network: JNCCN,VERIFIED,E2KKH5XZ,1b3dc6ba530c7364ae4095697bb019c7,Primary Palliative Care Improves Uptake of Advance Care Planning Among Patients With Advanced Cancers
