dropped_at,paper_id,source_row,citation_raw,cite_key,pdf_moved_to,extracted_text_moved_to,reason
2026-08-17T16:56:32+00:00,PQNBSQLX,105,Mukhopadhyay et al.,mukhopadhyayClusterRandomizedTrialComparing2023,data\removed_pdfs\nhlbi_unreviewed\PQNBSQLX.pdf,data\removed_pdfs\nhlbi_unreviewed\extracted_text\PQNBSQLX.json,cited in the NHLBI extraction table but never reviewed; the institute's review will not resume for outstanding papers
2026-08-17T16:56:32+00:00,8EIXU8CQ,135,Seguin-Fowler et al.,seguin-fowlerImprovementsMaintenanceClinical2022,data\removed_pdfs\nhlbi_unreviewed\8EIXU8CQ.pdf,data\removed_pdfs\nhlbi_unreviewed\extracted_text\8EIXU8CQ.json,cited in the NHLBI extraction table but never reviewed; the institute's review will not resume for outstanding papers
2026-08-17T16:56:32+00:00,9QH3NF2M,136,Semitala et al.,semitalaComparison3Optimized2024,data\removed_pdfs\nhlbi_unreviewed\9QH3NF2M.pdf,data\removed_pdfs\nhlbi_unreviewed\extracted_text\9QH3NF2M.json,cited in the NHLBI extraction table but never reviewed; the institute's review will not resume for outstanding papers
2026-08-17T16:56:32+00:00,YHKIB4RS,137,Semler et al.,semlerOxygenSaturationTargetsCritically2022,data\removed_pdfs\nhlbi_unreviewed\YHKIB4RS.pdf,data\removed_pdfs\nhlbi_unreviewed\extracted_text\YHKIB4RS.json,cited in the NHLBI extraction table but never reviewed; the institute's review will not resume for outstanding papers
2026-08-17T16:56:32+00:00,XW5VH2RS,138,Shi et al.,shiSolvingInsomniaElectronically2019,data\removed_pdfs\nhlbi_unreviewed\XW5VH2RS.pdf,data\removed_pdfs\nhlbi_unreviewed\extracted_text\XW5VH2RS.json,cited in the NHLBI extraction table but never reviewed; the institute's review will not resume for outstanding papers
2026-08-17T16:56:32+00:00,GZ8L53HZ,139,Silber et al.,silberPatientSafetyOutcomes2019,data\removed_pdfs\nhlbi_unreviewed\GZ8L53HZ.pdf,data\removed_pdfs\nhlbi_unreviewed\extracted_text\GZ8L53HZ.json,cited in the NHLBI extraction table but never reviewed; the institute's review will not resume for outstanding papers
2026-08-17T16:56:32+00:00,ML5BF6U5,140,Smith et al.,smithCommunityInterventionReduce2025,data\removed_pdfs\nhlbi_unreviewed\ML5BF6U5.pdf,data\removed_pdfs\nhlbi_unreviewed\extracted_text\ML5BF6U5.json,cited in the NHLBI extraction table but never reviewed; the institute's review will not resume for outstanding papers
2026-08-17T16:56:32+00:00,VUUKHBPX,141,Sobers et al.,sobersAssessingEffectivenessImplementation2021,data\removed_pdfs\nhlbi_unreviewed\VUUKHBPX.pdf,data\removed_pdfs\nhlbi_unreviewed\extracted_text\VUUKHBPX.json,cited in the NHLBI extraction table but never reviewed; the institute's review will not resume for outstanding papers
2026-08-17T16:56:32+00:00,67EE29T7,142,Sperl-Hillen et al.,sperl-hillenProtocolPatientRandomized2024,data\removed_pdfs\nhlbi_unreviewed\67EE29T7.pdf,data\removed_pdfs\nhlbi_unreviewed\extracted_text\67EE29T7.json,cited in the NHLBI extraction table but never reviewed; the institute's review will not resume for outstanding papers
2026-08-17T16:56:32+00:00,HMVQGBWN,143,Stefan et al.,stefanUpdateStudyProtocol2021,data\removed_pdfs\nhlbi_unreviewed\HMVQGBWN.pdf,data\removed_pdfs\nhlbi_unreviewed\extracted_text\HMVQGBWN.json,cited in the NHLBI extraction table but never reviewed; the institute's review will not resume for outstanding papers
2026-08-17T16:56:32+00:00,G78NBYUH,144,Tabak et al.,tabakDisseminatingImplementingLifestylebased2019,data\removed_pdfs\nhlbi_unreviewed\G78NBYUH.pdf,data\removed_pdfs\nhlbi_unreviewed\extracted_text\G78NBYUH.json,cited in the NHLBI extraction table but never reviewed; the institute's review will not resume for outstanding papers
2026-08-17T16:56:32+00:00,Y526PL9L,145,Takada et al.,takadaProtocolType32025,data\removed_pdfs\nhlbi_unreviewed\Y526PL9L.pdf,data\removed_pdfs\nhlbi_unreviewed\extracted_text\Y526PL9L.json,cited in the NHLBI extraction table but never reviewed; the institute's review will not resume for outstanding papers
2026-08-17T16:56:32+00:00,NPK22LGL,146,Tan et al.,tanTELEhealthSharedDecisionmaking2024,data\removed_pdfs\nhlbi_unreviewed\NPK22LGL.pdf,data\removed_pdfs\nhlbi_unreviewed\extracted_text\NPK22LGL.json,cited in the NHLBI extraction table but never reviewed; the institute's review will not resume for outstanding papers
2026-08-17T16:56:32+00:00,HKJXZKTF,148,Victor et al.,victorClusterRandomizedTrialBloodPressure2018,data\removed_pdfs\nhlbi_unreviewed\HKJXZKTF.pdf,data\removed_pdfs\nhlbi_unreviewed\extracted_text\HKJXZKTF.json,cited in the NHLBI extraction table but never reviewed; the institute's review will not resume for outstanding papers
2026-08-17T16:56:32+00:00,RZ7YH2DN,149,Vinson et al.,vinsonDecisionSupportIntervention2024,data\removed_pdfs\nhlbi_unreviewed\RZ7YH2DN.pdf,data\removed_pdfs\nhlbi_unreviewed\extracted_text\RZ7YH2DN.json,cited in the NHLBI extraction table but never reviewed; the institute's review will not resume for outstanding papers
2026-08-17T16:56:32+00:00,TVL564PH,151,Ward et al.,wardKeysHealthyFamily2020,data\removed_pdfs\nhlbi_unreviewed\TVL564PH.pdf,data\removed_pdfs\nhlbi_unreviewed\extracted_text\TVL564PH.json,cited in the NHLBI extraction table but never reviewed; the institute's review will not resume for outstanding papers
2026-08-17T16:56:32+00:00,MQ5HUF7T,152,Warner et al.,warnerPracticalAnemiaBundle2025,data\removed_pdfs\nhlbi_unreviewed\MQ5HUF7T.pdf,data\removed_pdfs\nhlbi_unreviewed\extracted_text\MQ5HUF7T.json,cited in the NHLBI extraction table but never reviewed; the institute's review will not resume for outstanding papers
2026-08-17T16:56:32+00:00,KQHQ9KMW,153,Wilfley et al.,wilfleyTrainingModelsImplementing2020,data\removed_pdfs\nhlbi_unreviewed\KQHQ9KMW.pdf,data\removed_pdfs\nhlbi_unreviewed\extracted_text\KQHQ9KMW.json,cited in the NHLBI extraction table but never reviewed; the institute's review will not resume for outstanding papers
2026-08-17T16:56:32+00:00,7UB2532H,154,Williams et al.,williamsProtocolPaperStepped2020,data\removed_pdfs\nhlbi_unreviewed\7UB2532H.pdf,data\removed_pdfs\nhlbi_unreviewed\extracted_text\7UB2532H.json,cited in the NHLBI extraction table but never reviewed; the institute's review will not resume for outstanding papers
2026-08-17T16:56:32+00:00,2MCVHA74,155,Wright et al.,wrightCommunityMobilisationAdoption2025,data\removed_pdfs\nhlbi_unreviewed\2MCVHA74.pdf,data\removed_pdfs\nhlbi_unreviewed\extracted_text\2MCVHA74.json,cited in the NHLBI extraction table but never reviewed; the institute's review will not resume for outstanding papers
2026-08-17T16:56:32+00:00,IKEB2FHD,156,Wright et al.,wrightReducingPaediatricOverweight2020,data\removed_pdfs\nhlbi_unreviewed\IKEB2FHD.pdf,data\removed_pdfs\nhlbi_unreviewed\extracted_text\IKEB2FHD.json,cited in the NHLBI extraction table but never reviewed; the institute's review will not resume for outstanding papers
2026-08-17T16:56:32+00:00,TZF282NC,157,Yawn et al.,yawnUseAsthmaAPGAR2018,data\removed_pdfs\nhlbi_unreviewed\TZF282NC.pdf,data\removed_pdfs\nhlbi_unreviewed\extracted_text\TZF282NC.json,cited in the NHLBI extraction table but never reviewed; the institute's review will not resume for outstanding papers
2026-08-17T16:56:32+00:00,QQRYLPB6,159,Yuan et al.,yuanAchievingCardiovascularHealth2025,data\removed_pdfs\nhlbi_unreviewed\QQRYLPB6.pdf,data\removed_pdfs\nhlbi_unreviewed\extracted_text\QQRYLPB6.json,cited in the NHLBI extraction table but never reviewed; the institute's review will not resume for outstanding papers
