paper_id,set,stage,removed_from,reason,evidence,decided_by,decided_at,source_record,title
6SQ7YL4X,testing,cross_set_duplicate,corpus,"same paper as validation U4546RAU, which already carries a human label",matched on DOI,rule,,results/review/02_removed_testing_duplicates.csv,Prenatal Household Air Pollution Exposure and Childhood Blood Pressure in Rural Ghana.
S8AWREET,testing,cross_set_duplicate,corpus,"same paper as validation YQC5A963, which already carries a human label","matched on DOI, PDF bytes identical",rule,,results/review/02_removed_testing_duplicates.csv,Comparative effectiveness of implementation strategies for Accelerating Cervical Cancer Elimination through the integration of Screen-and-treat Services (ACCESS  study): protocol for a cluster randomized hybrid type III trial in Nigeria.
GZB2QRQN,testing,cross_set_duplicate,corpus,"same paper as validation FPX2G3LA, which already carries a human label",matched on DOI,rule,,results/review/02_removed_testing_duplicates.csv,Examining local smoke-free coalitions in Armenia and Georgia: context and outcomes of a matched-pairs community-randomised controlled trial.
JKT92VFB,testing,cross_set_duplicate,corpus,"same paper as validation FI4T6J44, which already carries a human label","matched on DOI, PDF bytes identical",rule,,results/review/02_removed_testing_duplicates.csv,Cost-effectiveness of a faith-based lifestyle intervention for diabetes prevention among African Americans: A within-trial analysis.
6A7TZZ7L,testing,cross_set_duplicate,corpus,"same paper as validation NCULGT7Q, which already carries a human label","matched on DOI, PDF bytes identical",rule,,results/review/02_removed_testing_duplicates.csv,Acceptability and feasibility of mobile phone-based ecological momentary assessment and intervention in Uganda: A pilot randomized controlled trial.
5SYFNTAR,testing,cross_set_duplicate,corpus,"same paper as validation YAIMEWET, which already carries a human label","matched on DOI, PDF bytes identical",rule,,results/review/02_removed_testing_duplicates.csv,Network characteristics of a referral system for patients with hypertension in Western Kenya: results from the Strengthening Referral Networks for Management of  Hypertension Across the Health System (STRENGTHS) study.
EXEBP353,testing,cross_set_duplicate,corpus,"same paper as validation 9J2SL67D, which already carries a human label","matched on DOI, PDF bytes identical",rule,,results/review/02_removed_testing_duplicates.csv,Conquering hypertension in Vietnam-solutions at grassroots level: study protocol of a cluster randomized controlled trial.
TJJRPERK,testing,cross_set_duplicate,corpus,"same paper as validation BWAGKCVT, which already carries a human label","matched on DOI, PDF bytes identical",rule,,results/review/02_removed_testing_duplicates.csv,Using a continuum of hybrid effectiveness-implementation studies to put research-tested colorectal screening interventions into practice.
SLL6D8W7,testing,cross_set_duplicate,corpus,"same paper as validation BAABE7JM, which already carries a human label","matched on DOI, PDF bytes identical",rule,,results/review/02_removed_testing_duplicates.csv,"The comparative effectiveness of decision aids in diverse populations with early stage prostate cancer: a study protocol for a cluster-randomized controlled trial  in the NCI Community Oncology Research Program (NCORP), Alliance A191402CD."
L9QQZC55,testing,cross_set_duplicate,corpus,"same paper as validation FHVQQIX3, which already carries a human label","matched on DOI, PDF bytes identical",rule,,results/review/02_removed_testing_duplicates.csv,"Community-based, cluster-randomized pilot trial of a cardiovascular mHealth intervention: Rationale, design, and baseline findings of the FAITH! Trial."
WVYCZBPF,testing,cross_set_duplicate,corpus,"same paper as validation DJYB2MPK, which already carries a human label",matched on DOI,rule,,results/review/02_removed_testing_duplicates.csv,Design and rationale of the cardiometabolic health program linked with community health workers and mobile health telemonitoring to reduce health disparities  (LINKED-HEARTS) program.
SGEDS55Q,testing,cross_set_duplicate,corpus,"same paper as validation 85UJCVKA, which already carries a human label",matched on DOI,rule,,results/review/02_removed_testing_duplicates.csv,"Association of perinatal depression and postpartum contraception intent, choice, and actual use."
IQDL72X9,testing,cross_set_duplicate,corpus,"same paper as validation 4ME98BI9, which already carries a human label",matched on DOI,rule,,results/review/02_removed_testing_duplicates.csv,Commentary: Right truncation in cluster randomized trials can attenuate the power of a marginal analysis.
Y4QNBWSN,testing,cross_set_duplicate,corpus,"same paper as validation F2BPPKMI, which already carries a human label","matched on DOI, PDF bytes identical",rule,,results/review/02_removed_testing_duplicates.csv,"QuitSMART Utah: an implementation study protocol for a cluster-randomized, multi-level Sequential Multiple Assignment Randomized Trial to increase Reach and  Impact of tobacco cessation treatment in Community Health Centers."
7HSKFB5R,testing,cross_set_duplicate,corpus,"same paper as validation UHLRHMGI, which already carries a human label",matched on DOI,rule,,results/review/02_removed_testing_duplicates.csv,Adaptive Designs in Implementation Science and Practice: Their Promise and the Need for Greater Understanding and Improved Communication.
Z49RK7S3,testing,cross_set_duplicate,corpus,"same paper as validation W2VQEXEG, which already carries a human label",matched on DOI,rule,,results/review/02_removed_testing_duplicates.csv,"Medical assistant health coaching (""MAC"") for type 2 diabetes in diverse primary care settings: A pragmatic, cluster-randomized controlled trial protocol."
4SMC3YCR,testing,cross_set_duplicate,corpus,"same paper as validation WGQGTBTE, which already carries a human label","matched on DOI, PDF bytes identical",rule,,results/review/02_removed_testing_duplicates.csv,Dulce Digital-Me: protocol for a randomized controlled trial of an adaptive mHealth intervention for underserved Hispanics with diabetes.
LNJRE9FB,testing,cross_set_duplicate,corpus,"same paper as validation Y5J6YZK2, which already carries a human label",matched on DOI,rule,,results/review/02_removed_testing_duplicates.csv,Engaging diverse midlife and older adults in a multilevel participatory physical activity intervention: evaluating impacts using Ripple Effects Mapping.
ZCN2GW5H,testing,cross_set_duplicate,corpus,"same paper as validation 4EYIVLJR, which already carries a human label",matched on DOI,rule,,results/review/02_removed_testing_duplicates.csv,Process evaluation of a medical assistant health coaching intervention for type 2 diabetes in diverse primary care settings.
TXGVITEJ,testing,cross_set_duplicate,corpus,"same paper as validation RUYVCGHY, which already carries a human label",matched on DOI,rule,,results/review/02_removed_testing_duplicates.csv,Targeting Sedentary Behavior in CKD: A Pilot and Feasibility Randomized Controlled Trial.
5XST2QLS,testing,cross_set_duplicate,corpus,"same paper as validation EBWFU9KS, which already carries a human label",matched on DOI,rule,,results/review/02_removed_testing_duplicates.csv,Assessment of COVID-19 Messaging Strategies to Increase Testing for Students With Intellectual and Developmental Disabilities.
EMQMPLJ5,testing,cross_set_duplicate,corpus,"same paper as validation G78NBYUH, which already carries a human label","matched on DOI, PDF bytes identical",rule,,results/review/02_removed_testing_duplicates.csv,Disseminating and implementing a lifestyle-based healthy weight program for mothers in a national organization: a study protocol for a cluster randomized  trial.
MEWCCWRY,testing,cross_set_duplicate,corpus,"same paper as validation 8MGIPU3P, which already carries a human label",matched on DOI,rule,,results/review/02_removed_testing_duplicates.csv,Incorporating systems-level stakeholder perspectives into the clinical trial design of school-supervised asthma therapy.
QSSAN7UI,testing,cross_set_duplicate,corpus,"same paper as validation ABV8X64G, which already carries a human label","matched on DOI, PDF bytes identical",rule,,results/review/02_removed_testing_duplicates.csv,"Impact of the Out-of-School Nutrition and Physical Activity (OSNAP) Group Randomized Controlled Trial on Children's Food, Beverage, and Calorie Consumption  among Snacks Served."
ZIW6MP95,testing,cross_set_duplicate,corpus,"same paper as validation UJB4QA99, which already carries a human label",matched on DOI,rule,,results/review/02_removed_testing_duplicates.csv,The Relationship Between Frailty and Emotional Health in Older Patients with Advanced Cancer.
2UTZGV6B,testing,cross_set_duplicate,corpus,"same paper as validation VPCPTPZL, which already carries a human label","matched on DOI, PDF bytes identical",rule,,results/review/02_removed_testing_duplicates.csv,Using Geriatric Assessment to Guide Conversations Regarding Comorbidities Among Older Patients With Advanced Cancer.
CBXHYRH6,testing,cross_set_duplicate,corpus,"same paper as validation 8NC76BQP, which already carries a human label",matched on DOI,rule,,results/review/02_removed_testing_duplicates.csv,Effect of Hospitalizations on Physical Activity Patterns in Mobility-Limited Older Adults.
ZJVGPCQS,testing,cross_set_duplicate,corpus,"same paper as validation KESZW83P, which already carries a human label","matched on DOI, PDF bytes identical",rule,,results/review/02_removed_testing_duplicates.csv,Balanced Crystalloids versus Saline in Critically Ill Adults.
SHZWCASA,testing,cross_set_duplicate,corpus,"same paper as validation LU33978L, which already carries a human label",matched on DOI,rule,,results/review/02_removed_testing_duplicates.csv,Improving Communication in Heart Failure Patient Care.
K6ICH5QI,testing,cross_set_duplicate,corpus,"same paper as validation C9R7RUUN, which already carries a human label",matched on DOI,rule,,results/review/02_removed_testing_duplicates.csv,Hierarchical Bayesian modeling of heterogeneous outcome variance in cluster randomized trials.
NRBW33RG,testing,cross_set_duplicate,corpus,"same paper as validation XEKC6EFN, which already carries a human label",matched on DOI,rule,,results/review/02_removed_testing_duplicates.csv,Reversing the Cardiac Effects of Sedentary Aging in Middle Age-A Randomized Controlled Trial: Implications For Heart Failure Prevention.
KVYE5RWF,testing,cross_set_duplicate,corpus,"same paper as validation NESLQUNP, which already carries a human label",matched on DOI,rule,,results/review/02_removed_testing_duplicates.csv,Balanced Crystalloids versus Saline in Critically Ill Adults.
32XV68PT,testing,cross_set_duplicate,corpus,"same paper as validation 36I94AIH, which already carries a human label","matched on DOI, PDF bytes identical",rule,,results/review/02_removed_testing_duplicates.csv,Protocol for a cluster-randomized trial of a school-based skin cancer preventive intervention for adolescents.
DH6IG7JY,testing,cross_set_duplicate,corpus,"same paper as validation HKJXZKTF, which already carries a human label","matched on DOI, PDF bytes identical",rule,,results/review/02_removed_testing_duplicates.csv,A Cluster-Randomized Trial of Blood-Pressure Reduction in Black Barbershops.
S3NDM3VQ,testing,cross_set_duplicate,corpus,"same paper as validation E2MNEMB8, which already carries a human label",matched on DOI,rule,,results/review/02_removed_testing_duplicates.csv,Sustainability of Blood Pressure Reduction in Black Barbershops.
TWYU2VCY,testing,cross_set_duplicate,corpus,"same paper as validation 9LTSBSEE, which already carries a human label",matched on DOI,rule,,results/review/02_removed_testing_duplicates.csv,Effect of Training Pediatric Clinicians in Human Papillomavirus Communication Strategies on Human Papillomavirus Vaccination Rates: A Cluster Randomized  Clinical Trial.
VXKNB5DX,testing,cross_set_duplicate,corpus,"same paper as validation 5CPW9STM, which already carries a human label",matched on DOI,rule,,results/review/02_removed_testing_duplicates.csv,"Successful Trial of Practice Facilitation for Plan, Do, Study, Act Quality Improvement."
N35XJ5YV,testing,cross_set_duplicate,corpus,"same paper as validation YHKIB4RS, which already carries a human label",matched on DOI,rule,,results/review/02_removed_testing_duplicates.csv,Oxygen-Saturation Targets for Critically Ill Adults Receiving Mechanical Ventilation.
HA58JB25,testing,cross_set_duplicate,corpus,"same paper as validation U9LEIXXF, which already carries a human label",matched on DOI,rule,,results/review/02_removed_testing_duplicates.csv,Clinical Effects of Balanced Crystalloids vs Saline in Adults With Diabetic Ketoacidosis: A Subgroup Analysis of Cluster Randomized Clinical Trials.
KHHFUXBI,testing,cross_set_duplicate,corpus,"same paper as validation 8NX9CDB5, which already carries a human label","matched on DOI, PDF bytes identical",rule,,results/review/02_removed_testing_duplicates.csv,"The Head and Neck Survivorship Tool (HN-STAR) Trial (WF-1805CD): A protocol for a cluster-randomized, hybrid effectiveness-implementation, pragmatic trial to  improve the follow-up care of head and neck cancer survivors."
8YQN99UA,testing,cross_set_duplicate,corpus,"same paper as validation YKCJ78UM, which already carries a human label","matched on DOI, PDF bytes identical",rule,,results/review/02_removed_testing_duplicates.csv,Study protocol: a cluster randomized trial to evaluate the effectiveness and implementation of onsite GeneXpert testing at community health centers in Uganda  (XPEL-TB).
CSI9YBL2,testing,cross_set_duplicate,corpus,"same paper as validation LGEECHQM, which already carries a human label","matched on DOI, PDF bytes identical",rule,,results/review/02_removed_testing_duplicates.csv,A mHealth intervention to preserve and promote ideal cardiovascular health in college students: Design and protocol of a cluster randomized controlled trial.
PDUGS7DP,testing,cross_set_duplicate,corpus,"same paper as validation IT2B87LL, which already carries a human label","matched on DOI, PDF bytes identical",rule,,results/review/02_removed_testing_duplicates.csv,"A cluster randomized controlled trial for a multi-level, clinic-based smoking cessation program with women in Appalachian communities: study protocol for the  ""Break Free"" program."
TZAGY4NU,testing,cross_set_duplicate,corpus,"same paper as validation DJE2PNQA, which already carries a human label",matched on DOI,rule,,results/review/02_removed_testing_duplicates.csv,A randomized study to prevent lymphedema in women treated for breast cancer: CALGB 70305 (Alliance).
CM3Z8D7D,testing,cross_set_duplicate,corpus,"same paper as validation DEKG3YAI, which already carries a human label",matched on DOI,rule,,results/review/02_removed_testing_duplicates.csv,A Group Randomized Trial to Reduce Obesity among Appalachian Church Members: The Walk by Faith Study.
H2EMVC97,testing,cross_set_duplicate,corpus,"same paper as validation GYRIVJLS, which already carries a human label","matched on DOI, PDF bytes identical",rule,,results/review/02_removed_testing_duplicates.csv,Robotic versus Electromagnetic bronchoscopy for pulmonary LesIon AssessmeNT: the RELIANT pragmatic randomized trial.
88MUVGL7,testing,cross_set_duplicate,corpus,"same paper as validation Q2S96SJ9, which already carries a human label",matched on DOI,rule,,results/review/02_removed_testing_duplicates.csv,Strategies to improve the recruitment and retention of underserved children and families in clinical trials: A case example of a school-supervised asthma therapy  pilot.
M46JBV2K,testing,cross_set_duplicate,corpus,"same paper as validation BZHD4F63, which already carries a human label",matched on DOI,rule,,results/review/02_removed_testing_duplicates.csv,Health-related quality of life outcomes for the LEAP study-CALGB 70305 (Alliance): A lymphedema prevention intervention trial for newly diagnosed breast  cancer patients.
LWBEKQXY,testing,cross_set_duplicate,corpus,"same paper as validation PKIN6R35, which already carries a human label",matched on DOI,rule,,results/review/02_removed_testing_duplicates.csv,Association of Race and Ethnicity with Sedation Management in Pediatric Intensive Care.
IIM5LTHQ,testing,cross_set_duplicate,corpus,"same paper as validation 2BDG7GVP, which already carries a human label","matched on DOI, PDF bytes identical",rule,,results/review/02_removed_testing_duplicates.csv,A Group Randomized Intervention Trial Increases Participation in the School Breakfast Program in 16 Rural High Schools in Minnesota.
TDLGKW2I,testing,cross_set_duplicate,corpus,"same paper as validation L3XSIHDW, which already carries a human label",matched on DOI,rule,,results/review/02_removed_testing_duplicates.csv,Design and pilot implementation for the BETTER CARE-HF trial: A pragmatic cluster-randomized controlled trial comparing two targeted approaches to  ambulatory clinical decision support for cardiologists.
4GPSLLBZ,testing,cross_set_duplicate,corpus,"same paper as validation PQNBSQLX, which already carries a human label",matched on DOI,rule,,results/review/02_removed_testing_duplicates.csv,Cluster-Randomized Trial Comparing Ambulatory Decision Support Tools to Improve Heart Failure Care.
3VCQS3N8,testing,cross_set_duplicate,corpus,"same paper as validation KCV63L9X, which already carries a human label",matched on DOI,rule,,results/review/02_removed_testing_duplicates.csv,Impact of Visit Volume on the Effectiveness of Electronic Tools to Improve Heart Failure Care.
5G5828ED,testing,cross_set_duplicate,corpus,"same paper as validation RHQWSFTR, which already carries a human label",matched on DOI,rule,,results/review/02_removed_testing_duplicates.csv,An overview of optimal designs under a given budget in cluster randomized trials with a binary outcome.
Y729FR8I,testing,cross_set_duplicate,corpus,"same paper as validation EZW26HK2, which already carries a human label",matched on DOI,rule,,results/review/02_removed_testing_duplicates.csv,A Multifaceted Implementation Strategy to Increase Out-of-Office Blood Pressure Monitoring: The EMBRACE Cluster Randomized Clinical Trial.
6W27JB54,testing,cross_set_duplicate,corpus,"same paper as validation 6XFGQN39, which already carries a human label","matched on DOI, PDF bytes identical",rule,,results/review/02_removed_testing_duplicates.csv,Enhanced care planning and clinical-community linkages versus usual care to address basic needs of patients with multiple chronic conditions: a  clinician-level randomized controlled trial.
Z3NEV3AG,testing,cross_set_duplicate,corpus,"same paper as validation VMHXT33Z, which already carries a human label",matched on DOI,rule,,results/review/02_removed_testing_duplicates.csv,Randomized evaluation of decision support interventions for atrial fibrillation: Rationale and design of the RED-AF study.
PALJMQS6,testing,cross_set_duplicate,corpus,"same paper as validation XA8RYYSR, which already carries a human label","matched on DOI, PDF bytes identical",rule,,results/review/02_removed_testing_duplicates.csv,A Cluster Randomized Controlled Trial of a Lay Health Worker Intervention to Increase Healthy Eating and Physical Activity Among Vietnamese Americans.
7CGAHFHD,testing,cross_set_duplicate,corpus,"same paper as validation S89CIJ46, which already carries a human label","matched on DOI, PDF bytes identical",rule,,results/review/02_removed_testing_duplicates.csv,Effect of a Multicomponent Food Pantry Intervention in Client Subgroups.
UIDUTSZL,testing,cross_set_duplicate,corpus,"same paper as validation M8CXW6PU, which already carries a human label",matched on DOI,rule,,results/review/02_removed_testing_duplicates.csv,Clinical and economic effectiveness of a pharmacy and primary care collaborative transition of care program.
5M5EWTXL,testing,cross_set_duplicate,corpus,"same paper as validation MPJA6L2H, which already carries a human label",matched on DOI,rule,,results/review/02_removed_testing_duplicates.csv,Breakfast Is Brain Food? The Effect on Grade Point Average of a Rural Group Randomized Program to Promote School Breakfast.
7A7DGTFA,testing,cross_set_duplicate,corpus,"same paper as validation 6XSR8DVR, which already carries a human label",matched on DOI,rule,,results/review/02_removed_testing_duplicates.csv,Prehospital low titer group O whole blood is feasible and safe: Results of a prospective randomized pilot trial.
9T7P8H5G,testing,cross_set_duplicate,corpus,"same paper as validation EAJAKXKC, which already carries a human label","matched on DOI, PDF bytes identical",rule,,results/review/02_removed_testing_duplicates.csv,The ecology of patient and caregiver participation in consultations involving advanced cancer.
96UKX43M,testing,cross_set_duplicate,corpus,"same paper as validation IDKFPWGH, which already carries a human label","matched on DOI, PDF bytes identical",rule,,results/review/02_removed_testing_duplicates.csv,A Cluster Randomized Trial of a Community-Based Intervention Among African-American Adults: Effects on Dietary and Physical Activity Outcomes.
E3IREKY2,testing,cross_set_duplicate,corpus,"same paper as validation JSRXWSXE, which already carries a human label","matched on DOI, PDF bytes identical",rule,,results/review/02_removed_testing_duplicates.csv,Addressing cancer survivors' cardiovascular health using the automated heart health assessment (AH-HA) EHR tool: Initial protocol and modifications to address  COVID-19 challenges.
YUAM3VKF,testing,cross_set_duplicate,corpus,"same paper as validation UHEKLJLC, which already carries a human label",matched on DOI,rule,,results/review/02_removed_testing_duplicates.csv,A Cluster-Randomized Evaluation of the SuperShelf Intervention in Choice-Based Food Pantries.
I7FXIK32,testing,cross_set_duplicate,corpus,"same paper as validation F9X8Z6SZ, which already carries a human label",matched on DOI,rule,,results/review/02_removed_testing_duplicates.csv,Increasing the adoption of evidence-based communication practices for HPV vaccination in primary care clinics: The HPV ECHO study protocol for a cluster  randomized controlled trial.
MNPPUABA,testing,cross_set_duplicate,corpus,"same paper as validation I7VKXNIC, which already carries a human label",matched on DOI,rule,,results/review/02_removed_testing_duplicates.csv,Sustainability of blood pressure reduction in black barbershops.
8G9N5B5B,testing,cross_set_duplicate,corpus,"same paper as validation SUANA8ET, which already carries a human label","matched on DOI, PDF bytes identical",rule,,results/review/02_removed_testing_duplicates.csv,Moderators of the effectiveness of an intervention to increase colorectal cancer screening through mailed fecal immunochemical test kits: results from a pragmatic  randomized trial.
TZZP2GMX,testing,cross_set_duplicate,corpus,"same paper as validation X9X3VGJK, which already carries a human label","matched on DOI, PDF bytes identical",rule,,results/review/02_removed_testing_duplicates.csv,A cost-effectiveness analysis of a colorectal cancer screening program in safety net clinics.
Z7AH5NE4,testing,cross_set_duplicate,corpus,"same paper as validation KJQKEW8Y, which already carries a human label",matched on DOI,rule,,results/review/02_removed_testing_duplicates.csv,Effectiveness of a Mailed Colorectal Cancer Screening Outreach Program in Community Health Clinics: The STOP CRC Cluster Randomized Clinical Trial.
RVGHTCUQ,testing,cross_set_duplicate,corpus,"same paper as validation FDVX9XTR, which already carries a human label",matched on DOI,rule,,results/review/02_removed_testing_duplicates.csv,System Level Informatics to Improve Triage Practices for Sickle Cell Disease Vaso-Occlusive Crisis: A Cluster Randomized Controlled Trial.
9FSNPZT8,testing,cross_set_duplicate,corpus,"same paper as validation NQ4Y7FIA, which already carries a human label",matched on DOI,rule,,results/review/02_removed_testing_duplicates.csv,Caring for the elderly at work and home: Can a randomized organizational intervention improve psychological health?
NQSS6ZME,testing,cross_set_duplicate,corpus,"same paper as validation W75ICDYI, which already carries a human label",matched on DOI,rule,,results/review/02_removed_testing_duplicates.csv,Association between advanced cancer patient-caregiver agreement regarding prognosis and hospice enrollment.
VQERMQTN,testing,cross_set_duplicate,corpus,"same paper as validation PDP273K4, which already carries a human label","matched on DOI, PDF bytes identical",rule,,results/review/02_removed_testing_duplicates.csv,Behavioral economic implementation strategies to improve serious illness communication between clinicians and high-risk patients with cancer: protocol for  a cluster randomized pragmatic trial.
GE5YUEC5,testing,cross_set_duplicate,corpus,"same paper as validation C69UAKKB, which already carries a human label","matched on DOI, PDF bytes identical",rule,,results/review/02_removed_testing_duplicates.csv,Using increased trust in medical researchers to increase minority recruitment: The RECRUIT cluster randomized clinical trial.
82SN3AXQ,testing,cross_set_duplicate,corpus,"same paper as validation YZ7GZ47B, which already carries a human label",matched on DOI,rule,,results/review/02_removed_testing_duplicates.csv,"Effects of a Flexibility/Support Intervention on Work Performance: Evidence From the Work, Family, and Health Network."
6TH7JZG3,testing,cross_set_duplicate,corpus,"same paper as validation BLWKH6C8, which already carries a human label","matched on DOI, PDF bytes identical",rule,,results/review/02_removed_testing_duplicates.csv,Rationale and protocol for a cluster randomized pragmatic clinical trial testing behavioral economic implementation strategies to improve tobacco treatment rates  for cancer patients who smoke.
4P75RKMV,testing,cross_set_duplicate,corpus,"same paper as validation 4Q7JQUVU, which already carries a human label",matched on DOI,rule,,results/review/02_removed_testing_duplicates.csv,Effect on Patient Safety of a Resident Physician Schedule without 24-Hour Shifts.
V4D33GKD,testing,cross_set_duplicate,corpus,"same paper as validation HBD3Y6S2, which already carries a human label",matched on DOI,rule,,results/review/02_removed_testing_duplicates.csv,Assessment of Financial Toxicity Among Older Adults With Advanced Cancer.
CGFN57QZ,testing,cross_set_duplicate,corpus,"same paper as validation 8RFFGGMQ, which already carries a human label","matched on DOI, PDF bytes identical",rule,,results/review/02_removed_testing_duplicates.csv,"Employee Cardiometabolic Risk Following a Cluster-Randomized Workplace Intervention From the Work, Family and Health Network, 2009-2013."
4XYV8HZY,testing,cross_set_duplicate,corpus,"same paper as validation PVP9PWD9, which already carries a human label",matched on DOI,rule,,results/review/02_removed_testing_duplicates.csv,Assessing the representativeness of cluster randomized trials: Evidence from two large pragmatic trials in United States nursing homes.
RPDUHJVP,testing,cross_set_duplicate,corpus,"same paper as validation Z6DJN9CQ, which already carries a human label","matched on DOI, PDF bytes identical",rule,,results/review/02_removed_testing_duplicates.csv,Completion of Patient-Reported Outcome Questionnaires Among Older Adults with Advanced Cancer.
DVTPLYEC,testing,cross_set_duplicate,corpus,"same paper as validation E92KWK4B, which already carries a human label","matched on DOI, PDF bytes identical",rule,,results/review/02_removed_testing_duplicates.csv,Process of Engaging Community and Scientific Partners in the Development of the CIRCL-Chicago Study Protocol.
ZSVGVCQS,testing,cross_set_duplicate,corpus,"same paper as validation NCY67FZ9, which already carries a human label",matched on DOI,rule,,results/review/02_removed_testing_duplicates.csv,Changes in Moderate Intensity Physical Activity Are Associated With Better Cognition in the Multilevel Intervention for Physical Activity in Retirement  Communities (MIPARC) Study.
DZM6LTUC,testing,cross_set_duplicate,corpus,"same paper as validation 7MXH2IXG, which already carries a human label",matched on DOI,rule,,results/review/02_removed_testing_duplicates.csv,The shared uncertainty experience of older adults with advanced cancer and their caregivers.
TLXU4MVQ,testing,cross_set_duplicate,corpus,"same paper as validation R7T6WKEW, which already carries a human label","matched on DOI, PDF bytes identical",rule,,results/review/02_removed_testing_duplicates.csv,"Protocol paper: Multi-site, cluster-randomized clinical trial for optimizing functional outcomes of older cancer survivors after chemotherapy."
M3IMKTAR,testing,cross_set_duplicate,corpus,"same paper as validation ZFMGD92P, which already carries a human label","matched on DOI, PDF bytes identical",rule,,results/review/02_removed_testing_duplicates.csv,"A qualitative evaluation of a simplified cardiovascular management program in Tibet, China."
PX36RSR8,testing,cross_set_duplicate,corpus,"same paper as validation SJVU6KJ3, which already carries a human label","matched on DOI, PDF bytes identical",rule,,results/review/02_removed_testing_duplicates.csv,"Effects of an Oncology Nurse-Led, Primary Palliative Care Intervention (CONNECT) on Illness Expectations Among Patients With Advanced Cancer."
82VGQ9L3,testing,cross_set_duplicate,corpus,"same paper as validation G4WN7HVX, which already carries a human label",matched on DOI,rule,,results/review/02_removed_testing_duplicates.csv,Poor patient health is associated with higher caregiver burden for older adults with advanced cancer.
VMVQ2SRD,testing,cross_set_duplicate,corpus,"same paper as validation 62TBCTHX, which already carries a human label","matched on DOI, PDF bytes identical",rule,,results/review/02_removed_testing_duplicates.csv,Examining Caregiver Outcomes in the CONNECT Intervention for Patients With Advanced Cancer.
AD2GEB7Y,testing,cross_set_duplicate,corpus,"same paper as validation EEIQW8EX, which already carries a human label",matched on DOI,rule,,results/review/02_removed_testing_duplicates.csv,Effect of a Mammography Screening Decision Aid for Women 75 Years and Older: A Cluster Randomized Clinical Trial.
V4IJ9JW5,testing,cross_set_duplicate,corpus,"same paper as validation S7VJ7LXE, which already carries a human label","matched on DOI, PDF bytes identical",rule,,results/review/02_removed_testing_duplicates.csv,Decreasing polypharmacy in older adults with cancer: A pilot cluster-randomized trial protocol.
VDTZHUI6,testing,cross_set_duplicate,corpus,"same paper as validation GVSXRYPK, which already carries a human label","matched on DOI, PDF bytes identical",rule,,results/review/02_removed_testing_duplicates.csv,"Geriatric assessment-driven polypharmacy discussions between oncologists, older patients, and their caregivers."
4SECYYI8,testing,cross_set_duplicate,corpus,"same paper as validation I6GH9T7T, which already carries a human label","matched on DOI, PDF bytes identical",rule,,results/review/02_removed_testing_duplicates.csv,A Geriatric Assessment Intervention to Reduce Treatment Toxicity Among Older Adults With Advanced Lung Cancer: A Subgroup Analysis From a Cluster Randomized  Controlled Trial.
45QRDBNZ,testing,cross_set_duplicate,corpus,"same paper as validation D7FNGV5H, which already carries a human label",matched on DOI,rule,,results/review/02_removed_testing_duplicates.csv,Communication With Older Patients With Cancer Using Geriatric Assessment: A Cluster-Randomized Clinical Trial From the National Cancer Institute Community  Oncology Research Program.
YVTFQYD2,testing,cross_set_duplicate,corpus,"same paper as validation GQ47R7MS, which already carries a human label",matched on DOI,rule,,results/review/02_removed_testing_duplicates.csv,Symptom Burden and Shared Care Planning in an Oncology Nurse-Led Primary Palliative Care Intervention (CONNECT) for Patients with Advanced Cancer.
JNM3WPH3,testing,cross_set_duplicate,corpus,"same paper as validation T3W2WZCX, which already carries a human label","matched on DOI, PDF bytes identical",rule,,results/review/02_removed_testing_duplicates.csv,Social Mobile Approaches to Reducing Weight (SMART) 2.0: protocol of a randomized controlled trial among young adults in university settings.
N6Z88UT5,testing,cross_set_duplicate,corpus,"same paper as validation B6VJ22FA, which already carries a human label",matched on DOI,rule,,results/review/02_removed_testing_duplicates.csv,Hope and illness expectations: A cross-sectional study in patients with advanced cancer.
CLP2FY5Z,testing,cross_set_duplicate,corpus,"same paper as validation HA9IHJB6, which already carries a human label","matched on DOI, PDF bytes identical",rule,,results/review/02_removed_testing_duplicates.csv,Associations of Caregiver-Oncologist Discordance in Prognostic Understanding With Caregiver-Reported Therapeutic Alliance and Anxiety.
33MGPB3E,testing,cross_set_duplicate,corpus,"same paper as validation 7BJRB6LP, which already carries a human label",matched on DOI,rule,,results/review/02_removed_testing_duplicates.csv,"Beliefs About Advanced Cancer Curability in Older Patients, Their Caregivers, and Oncologists."
UN3SHL78,testing,cross_set_duplicate,corpus,"same paper as validation ALFCPWRB, which already carries a human label",matched on DOI,rule,,results/review/02_removed_testing_duplicates.csv,"Caregiver-Oncologist Prognostic Concordance, Caregiver Mastery, and Caregiver Psychological Health and Quality of Life."
DCJKXL89,testing,cross_set_duplicate,corpus,"same paper as validation HI3CPFP8, which already carries a human label","matched on DOI, PDF bytes identical",rule,,results/review/02_removed_testing_duplicates.csv,Relationships of self-perceived age with geriatric assessment domains in older adults with cancer.
Z6QQIWFY,testing,cross_set_duplicate,corpus,"same paper as validation 69KLSK53, which already carries a human label","matched on DOI, PDF bytes identical",rule,,results/review/02_removed_testing_duplicates.csv,Communication About Fall Risk in Community Oncology Practice: The Role of Geriatric Assessment.
IG5YG7VB,testing,cross_set_duplicate,corpus,"same paper as validation FGGJHPQ8, which already carries a human label",matched on DOI,rule,,results/review/02_removed_testing_duplicates.csv,Effects of a Geriatric Assessment Intervention on Patient-Reported Symptomatic Toxicity in Older Adults With Advanced Cancer.
2EAWBLSK,testing,cross_set_duplicate,corpus,"same paper as validation Y65DB7TT, which already carries a human label","matched on DOI, PDF bytes identical",rule,,results/review/02_removed_testing_duplicates.csv,Primary Palliative Care Improves Uptake of Advance Care Planning Among Patients With Advanced Cancers.
TSYDUWJK,testing,cross_set_duplicate,corpus,"same paper as validation NFIAY6NV, which already carries a human label",matched on DOI,rule,,results/review/02_removed_testing_duplicates.csv,Effects by educational attainment of a mammography screening patient decision aid for women aged 75 years and older.
7FSI3RN9,testing,cross_set_duplicate,corpus,"same paper as validation E5W8I8AR, which already carries a human label",matched on DOI,rule,,results/review/02_removed_testing_duplicates.csv,Can a private sector engagement intervention that prioritizes pro-poor strategies improve healthcare access and quality? A randomized field experiment in Kenya.
9RLPXJX2,testing,cross_set_duplicate,corpus,"same paper as validation MCKQDWYQ, which already carries a human label",matched on DOI,rule,,results/review/02_removed_testing_duplicates.csv,Racial Differences in Pain Management for Patients Receiving Hospice Care.
7AKBUICC,testing,cross_set_duplicate,corpus,"same paper as validation GJGVIKMM, which already carries a human label",matched on DOI,rule,,results/review/02_removed_testing_duplicates.csv,Intervening on fear after acute cardiac events: Rationale and design of the INFORM randomized clinical trial.
Q9B3JIJ2,testing,cross_set_duplicate,corpus,"same paper as validation ZC3442HS, which already carries a human label","matched on DOI, PDF bytes identical",rule,,results/review/02_removed_testing_duplicates.csv,"TransPrEP: Results from the Pilot Study of a Social Network-Based Intervention to Support PrEP Adherence Among Transgender Women in Lima, Peru."
5WZNN3F5,testing,cross_set_duplicate,corpus,"same paper as validation 32LERLVS, which already carries a human label","matched on DOI, PDF bytes identical",rule,,results/review/02_removed_testing_duplicates.csv,"Performance of family planning clinics in conducting recommended HIV counseling and testing in Mombasa County, Kenya: a cross-sectional study."
E2RXAAPX,testing,cross_set_duplicate,corpus,"same paper as validation CVNVFN8Y, which already carries a human label","matched on DOI, PDF bytes identical",rule,,results/review/02_removed_testing_duplicates.csv,Results of a cluster randomized trial testing the systems analysis and improvement approach to increase HIV testing in family planning clinics.
MVQ6WUBN,testing,cross_set_duplicate,corpus,"same paper as validation 7EFQI5V4, which already carries a human label","matched on DOI, PDF bytes identical",rule,,results/review/02_removed_testing_duplicates.csv,Qualitative evaluation of the Systems Analysis and Improvement Approach as a strategy to increase HIV testing in family planning clinics using the  Consolidated Framework for Implementation Research and the Implementation  Outcomes Framework.
XCEW696W,testing,cross_set_duplicate,corpus,"same paper as validation TGIBPA3M, which already carries a human label",matched on DOI,rule,,results/review/02_removed_testing_duplicates.csv,A stochastic second-order generalized estimating equations approach for estimating association parameters.
GI25UXDR,testing,cross_set_duplicate,corpus,"same paper as validation IXGWRWKV, which already carries a human label","matched on DOI, PDF bytes identical",rule,,results/review/02_removed_testing_duplicates.csv,"Assessing the sustainability of the Systems Analysis and Improvement Approach to increase HIV testing in family planning clinics in Mombasa, Kenya: results of a  cluster randomized trial."
EHWZJTW2,testing,cross_set_duplicate,corpus,"same paper as validation KSSYVX7X, which already carries a human label",matched on DOI,rule,,results/review/02_removed_testing_duplicates.csv,A community-based dynamic choice model for HIV prevention improves PrEP and PEP coverage in rural Uganda and Kenya: a cluster randomized trial.
7I5NGZXB,testing,cross_set_duplicate,corpus,"same paper as validation 26LDPI8G, which already carries a human label","matched on DOI, PDF bytes identical",rule,,results/review/02_removed_testing_duplicates.csv,"Results of a cluster randomized trial testing the Systems Analysis and Improvement Approach to increase cervical cancer screening in family planning  clinics in Mombasa County, Kenya."
IW36FQM9,testing,cross_set_duplicate,corpus,"same paper as validation GK558E5R, which already carries a human label","matched on DOI, PDF bytes identical",rule,,results/review/02_removed_testing_duplicates.csv,Influence of hydrometeorological risk factors on child diarrhea and enteropathogens in rural Bangladesh.
FP3HZHGS,testing,cross_set_duplicate,corpus,"same paper as validation TZF282NC, which already carries a human label",matched on DOI,rule,,results/review/02_removed_testing_duplicates.csv,Use of Asthma APGAR Tools in Primary Care Practices: A Cluster-Randomized Controlled Trial.
LTKIP9MK,testing,cross_set_duplicate,corpus,"same paper as validation CWWSSM8V, which already carries a human label",matched on DOI,rule,,results/review/02_removed_testing_duplicates.csv,Community Health Workers Improve Linkage to Hypertension Care in Western Kenya.
WWX4J35N,testing,cross_set_duplicate,corpus,"same paper as validation 25SMNHQG, which already carries a human label","matched on DOI, PDF bytes identical",rule,,results/review/02_removed_testing_duplicates.csv,Self-reported cardiovascular disease risk factor screening among people living with HIV vs. members of the general population in Botswana: a community-based  study.
BNN69THV,testing,cross_set_duplicate,corpus,"same paper as validation DCYTWR4N, which already carries a human label","matched on DOI, PDF bytes identical",rule,,results/review/02_removed_testing_duplicates.csv,Impact of Clinical Decision Support on Antibiotic Prescribing for Acute Respiratory Infections: a Cluster Randomized Implementation Trial.
N96FALII,testing,cross_set_duplicate,corpus,"same paper as validation IR9N2LY8, which already carries a human label","matched on DOI, PDF bytes identical",rule,,results/review/02_removed_testing_duplicates.csv,"A cluster-randomized trial of water, sanitation, handwashing and nutritional interventions on stress and epigenetic programming."
NAA22RTH,testing,cross_set_duplicate,corpus,"same paper as validation WUNIU4CC, which already carries a human label",matched on DOI,rule,,results/review/02_removed_testing_duplicates.csv,Household- Versus Incentive-Based Contact Investigation for Tuberculosis in Rural South Africa: A Cluster-Randomized Trial.
3C5XA7IA,testing,cross_set_duplicate,corpus,"same paper as validation 4QHFZPVG, which already carries a human label","matched on DOI, PDF bytes identical",rule,,results/review/02_removed_testing_duplicates.csv,Systems analysis and improvement approach to optimize the hypertension diagnosis and care cascade for PLHIV individuals (SAIA-HTN): a hybrid type III cluster  randomized trial.
X83J4YUG,testing,cross_set_duplicate,corpus,"same paper as validation 9SZ8F7SB, which already carries a human label",matched on DOI,rule,,results/review/02_removed_testing_duplicates.csv,Conditional Cash Transfers to Incentivize Tuberculosis Screening: Description of a Novel Strategy for Contact Investigation in Rural South Africa.
3ZC4NVNY,testing,cross_set_duplicate,corpus,"same paper as validation ZDP4YJ9U, which already carries a human label","matched on DOI, PDF bytes identical",rule,,results/review/02_removed_testing_duplicates.csv,WASH interventions and child diarrhea at the interface of climate and socioeconomic position in Bangladesh.
ZIKITPY8,testing,cross_set_duplicate,corpus,"same paper as validation 7KTF6M73, which already carries a human label",matched on DOI,rule,,results/review/02_removed_testing_duplicates.csv,Implementation of Multifaceted Patient-Centered Treatment Strategies for Intensive Blood Pressure Control (IMPACTS): Rationale and design of a  cluster-randomized trial.
RXFQY4XC,testing,cross_set_duplicate,corpus,"same paper as validation DPPC94XT, which already carries a human label","matched on DOI, PDF bytes identical",rule,,results/review/02_removed_testing_duplicates.csv,"Testing the effectiveness of community-engaged citizen science to promote physical activity, foster healthier neighborhood environments, and advance health  equity in vulnerable communities: The Steps for Change randomized controlled  trial design and methods."
VYU7HU26,testing,cross_set_duplicate,corpus,"same paper as validation LSLZLVAS, which already carries a human label","matched on DOI, PDF bytes identical",rule,,results/review/02_removed_testing_duplicates.csv,Examining the relationship between household air pollution and infant microbial nasal carriage in a Ghanaian cohort.
UJ9UUMG8,testing,cross_set_duplicate,corpus,"same paper as validation 4B9BMDV7, which already carries a human label",matched on DOI,rule,,results/review/02_removed_testing_duplicates.csv,Effectiveness of a Digital Cognitive Behavior Therapy-Guided Self-Help Intervention for Eating Disorders in College Women: A Cluster Randomized Clinical  Trial.
YZ2ZXEQJ,testing,cross_set_duplicate,corpus,"same paper as validation 74ARW7SL, which already carries a human label","matched on DOI, PDF bytes identical",rule,,results/review/02_removed_testing_duplicates.csv,Methods in the design and implementation of the Randomized Evaluation of Sedation Titration for Respiratory Failure (RESTORE) clinical trial.
4RZVCI4Z,testing,cross_set_duplicate,corpus,"same paper as validation 54ZXRGZ7, which already carries a human label","matched on DOI, PDF bytes identical",rule,,results/review/02_removed_testing_duplicates.csv,Priorities Wizard: Multisite Web-Based Primary Care Clinical Decision Support Improved Chronic Care Outcomes with High Use Rates and High Clinician  Satisfaction Rates.
2YQ564QT,testing,cross_set_duplicate,corpus,"same paper as validation DGEX5HE7, which already carries a human label",matched on DOI,rule,,results/review/02_removed_testing_duplicates.csv,Impact of Vaping Prevention Advertisements on US Adolescents: A Randomized Clinical Trial.
XATUXZC5,testing,cross_set_duplicate,corpus,"same paper as validation ZBPWT8RC, which already carries a human label",matched on DOI,rule,,results/review/02_removed_testing_duplicates.csv,The Temporal Association of the COVID-19 Pandemic and Pediatric Cardiopulmonary Resuscitation Quality and Outcomes.
X7J9NG8M,testing,cross_set_duplicate,corpus,"same paper as validation WJWMFQRJ, which already carries a human label","matched on DOI, PDF bytes identical",rule,,results/review/02_removed_testing_duplicates.csv,Networks for prevention in 19 communities at the start of a large-scale community-based obesity prevention initiative.
CAYHBC44,testing,cross_set_duplicate,corpus,"same paper as validation YNAD85P3, which already carries a human label","matched on DOI, PDF bytes identical",rule,,results/review/02_removed_testing_duplicates.csv,Use of a Geographic Information System to create treatment groups for group-randomized community trials: The Minnesota Heart Health Program.
BVLEIZ2H,testing,cross_set_duplicate,corpus,"same paper as validation URUAWZAY, which already carries a human label",matched on DOI,rule,,results/review/02_removed_testing_duplicates.csv,Survival With Favorable Neurologic Outcome and Quality of Cardiopulmonary Resuscitation Following In-Hospital Cardiac Arrest in Children With Cardiac  Disease Compared With Noncardiac Disease.
QXN2CHIB,testing,cross_set_duplicate,corpus,"same paper as validation E8BGTQDI, which already carries a human label","matched on DOI, PDF bytes identical",rule,,results/review/02_removed_testing_duplicates.csv,"Design and rationale of the ""Sedation strategy and cognitive outcome after critical illness in early childhood"" study."
SSNM9DRD,testing,cross_set_duplicate,corpus,"same paper as validation ZVIZFQCJ, which already carries a human label",matched on DOI,rule,,results/review/02_removed_testing_duplicates.csv,Association of CPR simulation program characteristics with simulated and actual performance during paediatric in-hospital cardiac arrest.
I9DQXR3E,testing,cross_set_duplicate,corpus,"same paper as validation 5KIH2CZ8, which already carries a human label","matched on DOI, PDF bytes identical",rule,,results/review/02_removed_testing_duplicates.csv,Improving the implementation and sustainment of evidence-based practices in community mental health organizations: a study protocol for a matched-pair  cluster randomized pilot study of the Collaborative Organizational Approach to  Selecting and Tailoring Implementation Strategies (COAST-IS).
Y4PS4QIT,testing,cross_set_duplicate,corpus,"same paper as validation PWWEDNNK, which already carries a human label","matched on DOI, PDF bytes identical",rule,,results/review/02_removed_testing_duplicates.csv,"Assessing barriers to providing tobacco use disorder treatment in community mental health settings with a revised version of the Smoking Knowledge,  Attitudes, and Practices (S-KAP) instrument."
FCNX4CVT,testing,cross_set_duplicate,corpus,"same paper as validation IWSKLNSK, which already carries a human label",matched on DOI,rule,,results/review/02_removed_testing_duplicates.csv,A randomized clinical trial testing two implementation strategies to promote the treatment of tobacco dependence in community mental healthcare.
QWHPR7PA,testing,cross_set_duplicate,corpus,"same paper as validation 2LUUC2WH, which already carries a human label","matched on DOI, PDF bytes identical",rule,,results/review/02_removed_testing_duplicates.csv,The impact of a brief cessation induction intervention for waterpipe tobacco smoking: A pilot randomized clinical trial.
J6N8MZHS,testing,cross_set_duplicate,corpus,"same paper as validation F4KF42R4, which already carries a human label",matched on DOI,rule,,results/review/02_removed_testing_duplicates.csv,Cluster Randomized Pragmatic Clinical Trial Testing Behavioral Economic Implementation Strategies to Improve Tobacco Treatment for Patients With Cancer  Who Smoke.
S7RT34HI,testing,cross_set_duplicate,corpus,"same paper as validation WKMKUPTU, which already carries a human label","matched on DOI, PDF bytes identical",rule,,results/review/02_removed_testing_duplicates.csv,A Cluster-Randomized Clinical Trial Testing the Effectiveness of the Addressing Tobacco Through Organizational Change Model for Improving the Treatment of  Tobacco Use in Community Mental Health Care: Preliminary Study Feasibility and  Baseline Findings.
DAWAUG53,testing,cross_set_duplicate,corpus,"same paper as validation WTLH8PPX, which already carries a human label","matched on DOI, PDF bytes identical",rule,,results/review/02_removed_testing_duplicates.csv,Implementation of a cluster randomized controlled trial: Identifying student peer leaders to lead E-cigarette interventions.
VQU2MLJH,testing,cross_set_duplicate,corpus,"same paper as validation DKMFB69S, which already carries a human label","matched on DOI, PDF bytes identical",rule,,results/review/02_removed_testing_duplicates.csv,Cluster randomized controlled trial of a mobile market intervention to increase fruit and vegetable intake among adults in lower-income communities in North  Carolina.
STH5NWUN,testing,cross_set_duplicate,corpus,"same paper as validation JMLTZFI8, which already carries a human label",matched on DOI,rule,,results/review/02_removed_testing_duplicates.csv,"A Cluster-Randomized Trial of a Mobile Produce Market Program in 12 Communities in North Carolina: Program Development, Methods, and Baseline Characteristics."
KCFTBNXD,testing,cross_set_duplicate,corpus,"same paper as validation P3KQJM4H, which already carries a human label","matched on DOI, PDF bytes identical",rule,,results/review/02_removed_testing_duplicates.csv,Ambiguity in Statistical Analysis Methods and Nonconformity With Prespecified Commitment to Data Sharing in a Cluster Randomized Controlled Trial.
3LF3TY9W,testing,cross_set_duplicate,corpus,"same paper as validation D24FD6G2, which already carries a human label",matched on DOI,rule,,results/review/02_removed_testing_duplicates.csv,"Automated symptom and treatment side effect monitoring for improved quality of life among adults with diabetic peripheral neuropathy in primary care: a  pragmatic, cluster, randomized, controlled trial."
NPU43H6S,testing,cross_set_duplicate,corpus,"same paper as validation BNPVWAIY, which already carries a human label","matched on DOI, PDF bytes identical",rule,,results/review/02_removed_testing_duplicates.csv,The impact of basic vs. enhanced Go NAPSACC on child care centers' healthy eating and physical activity practices: protocol for a type 3 hybrid  effectiveness-implementation cluster-randomized trial.
XL7X4Q6K,testing,cross_set_duplicate,corpus,"same paper as validation TUYKW32A, which already carries a human label",matched on DOI,rule,,results/review/02_removed_testing_duplicates.csv,Moderators and mediators of a digital cognitive behavior therapy-guided self-help intervention for eating disorders: Informing future design efforts.
TCS56FZY,testing,cross_set_duplicate,corpus,"same paper as validation KQHQ9KMW, which already carries a human label",matched on DOI,rule,,results/review/02_removed_testing_duplicates.csv,Training Models for Implementing Evidence-Based Psychological Treatment: A Cluster-Randomized Trial in College Counseling Centers.
K3SDIB4E,testing,cross_set_duplicate,corpus,"same paper as validation WZJBF75Y, which already carries a human label","matched on DOI, PDF bytes identical",rule,,results/review/02_removed_testing_duplicates.csv,"Implementation fidelity, attitudes, and influence: a novel approach to classifying implementer behavior."
CZXHZ5F2,testing,cross_set_duplicate,corpus,"same paper as validation HFCRYZ8E, which already carries a human label",matched on DOI,rule,,results/review/02_removed_testing_duplicates.csv,Maintenance of Training Effects of Two Models for Implementing Evidence-Based Psychological Treatment.
4D7EX7WA,testing,cross_set_duplicate,corpus,"same paper as validation 4RJRGIRQ, which already carries a human label",matched on DOI,rule,,results/review/02_removed_testing_duplicates.csv,Social support and breast cancer screening in rural Appalachia.
XGJ6Z38W,testing,cross_set_duplicate,corpus,"same paper as validation VKY7UK64, which already carries a human label",matched on DOI,rule,,results/review/02_removed_testing_duplicates.csv,A practical decision tree to support editorial adjudication of submitted parallel cluster randomized controlled trials.
3BRBKRE4,testing,cross_set_duplicate,corpus,"same paper as validation 2QQAF298, which already carries a human label","matched on DOI, PDF bytes identical",rule,,results/review/02_removed_testing_duplicates.csv,"Workplace health and safety intervention for child care staff: Rationale, design, and baseline results from the CARE cluster randomized control trial."
VH6KS89D,testing,cross_set_duplicate,corpus,"same paper as validation TVL564PH, which already carries a human label",matched on DOI,rule,,results/review/02_removed_testing_duplicates.csv,Keys to healthy family child care homes: Results from a cluster randomized trial.
2QVEH4DA,testing,cross_set_duplicate,corpus,"same paper as validation CMD8N46A, which already carries a human label","matched on DOI, PDF bytes identical",rule,,results/review/02_removed_testing_duplicates.csv,"Developing an evidence-based program sustainability training curriculum: a group randomized, multi-phase approach."
6AUXHCLQ,testing,cross_set_duplicate,corpus,"same paper as validation J2XGTHGE, which already carries a human label",matched on DOI,rule,,results/review/02_removed_testing_duplicates.csv,"Evaluating a child care-based social marketing approach for improving children's diet and physical activity: results from the Healthy Me, Healthy We  cluster-randomized controlled trial."
IA8B39HJ,testing,cross_set_duplicate,corpus,"same paper as validation SFJI363E, which already carries a human label",matched on DOI,rule,,results/review/02_removed_testing_duplicates.csv,The impact of avocado intake on anthropometric measures among Hispanic/Latino children and adolescents: A cluster randomized controlled trial.
4842MXRJ,testing,cross_set_duplicate,corpus,"same paper as validation BDSYFVYJ, which already carries a human label","matched on DOI, PDF bytes identical",rule,,results/review/02_removed_testing_duplicates.csv,Nutritional Quality of Meals and Snacks Served and Consumed in Family Child Care.
TEFXU38J,testing,cross_set_duplicate,corpus,"same paper as validation UPVYYFVQ, which already carries a human label","matched on DOI, PDF bytes identical",rule,,results/review/02_removed_testing_duplicates.csv,Effects of Different Allotments of Avocados on the Nutritional Status of Families: A Cluster Randomized Controlled Trial.
EMLAU9R2,testing,cross_set_duplicate,corpus,"same paper as validation 4TRC3UDD, which already carries a human label","matched on DOI, PDF bytes identical",rule,,results/review/02_removed_testing_duplicates.csv,Improving diabetic patients' adherence to treatment and prevention of cardiovascular disease (Office Guidelines Applied to Practice-IMPACT Study)-a  cluster randomized controlled effectiveness trial.
ZBADI59C,testing,cross_set_duplicate,corpus,"same paper as validation NT3UR2AB, which already carries a human label","matched on DOI, PDF bytes identical",rule,,results/review/02_removed_testing_duplicates.csv,The Impact of a Healthy Weight Intervention Embedded in a Home-Visiting Program on Children's Weight and Mothers' Feeding Practices.
SCUD3NQX,testing,cross_set_duplicate,corpus,"same paper as validation LNWR884A, which already carries a human label","matched on DOI, PDF bytes identical",rule,,results/review/02_removed_testing_duplicates.csv,Action planning for building public health program sustainability: results from a group-randomized trial.
96PZQHL7,testing,cross_set_duplicate,corpus,"same paper as validation 4HG9V6HL, which already carries a human label","matched on DOI, PDF bytes identical",rule,,results/review/02_removed_testing_duplicates.csv,Psychological and behavioral pathways between perceived stress and weight change in a behavioral weight loss intervention.
5266YCKT,testing,cross_set_duplicate,corpus,"same paper as validation 9HBYKQR8, which already carries a human label",matched on DOI,rule,,results/review/02_removed_testing_duplicates.csv,Long-term Outcomes of the Effects of Home Blood Pressure Telemonitoring and Pharmacist Management on Blood Pressure Among Adults With Uncontrolled  Hypertension: Follow-up of a Cluster Randomized Clinical Trial.
3H3GT54W,testing,cross_set_duplicate,corpus,"same paper as validation GVQJHIGK, which already carries a human label","matched on DOI, PDF bytes identical",rule,,results/review/02_removed_testing_duplicates.csv,Efficacy of an Enhanced Implementation Strategy to Increase Parent Engagement with a Health Promotion Program in Childcare.
HNTHNNPQ,testing,cross_set_duplicate,corpus,"same paper as validation YCFJFHMC, which already carries a human label",matched on DOI,rule,,results/review/02_removed_testing_duplicates.csv,Contributions of Early Care and Education Programs to Diet Quality in Children Aged 3 to 4 Years in Central North Carolina.
8QE3UFRY,testing,cross_set_duplicate,corpus,"same paper as validation KDH4XJIC, which already carries a human label","matched on DOI, PDF bytes identical",rule,,results/review/02_removed_testing_duplicates.csv,"Financial incentives versus standard of care to improve patient compliance with live kidney donor follow-up: protocol for a multi-center, parallel-group  randomized controlled trial."
5VYK75CC,testing,cross_set_duplicate,corpus,"same paper as validation 3MBN8DIA, which already carries a human label",matched on DOI,rule,,results/review/02_removed_testing_duplicates.csv,"Individually randomized trial mislabeled as a cluster-randomized trial. Comment on: ""Effectiveness of wearable technology to optimize youth soccer players'  off-training behaviour and training responses: a cluster-randomized trial""."
CLBTRHLY,testing,cross_set_duplicate,corpus,"same paper as validation A9KIMSNR, which already carries a human label",matched on DOI,rule,,results/review/02_removed_testing_duplicates.csv,Feasibility and Acceptability of a Type 2 Diabetes Prevention Intervention for Mothers and Children at a Federally Qualified Healthcare Center.
FUFP3JNL,testing,cross_set_duplicate,corpus,"same paper as validation L2VHUDMD, which already carries a human label",matched on DOI,rule,,results/review/02_removed_testing_duplicates.csv,Visit Planning Using a Waiting Room Health IT Tool: The Aligning Patients and Providers Randomized Controlled Trial.
7D4LSQQL,testing,cross_set_duplicate,corpus,"same paper as validation WPF7MUCV, which already carries a human label",matched on DOI,rule,,results/review/02_removed_testing_duplicates.csv,Incorrect Analyses of Cluster-Randomized Trials that Do Not Take Clustering and Nesting into Account Likely Lead to p-Values that Are Too Small.
ZS9HPC7S,testing,cross_set_duplicate,corpus,"same paper as validation 3B8K39D8, which already carries a human label",matched on DOI,rule,,results/review/02_removed_testing_duplicates.csv,Effect of Clinical Decision Support at Community Health Centers on the Risk of Cardiovascular Disease: A Cluster Randomized Clinical Trial.
YBR6NA98,testing,cross_set_duplicate,corpus,"same paper as validation Z7NF2G6Q, which already carries a human label",matched on DOI,rule,,results/review/02_removed_testing_duplicates.csv,Objective Measures of Physical Activity in Rural Communities: Factors Associated With a Valid Wear and Lessons Learned.
LGP8N6G6,testing,cross_set_duplicate,corpus,"same paper as validation WCA66X4I, which already carries a human label","matched on DOI, PDF bytes identical",rule,,results/review/02_removed_testing_duplicates.csv,Design and rationale of an intervention to improve cancer prevention using clinical decision support and shared decision making: A clinic-randomized trial.
3KRFH8XE,testing,cross_set_duplicate,corpus,"same paper as validation FEHWGZSQ, which already carries a human label","matched on DOI, PDF bytes identical",rule,,results/review/02_removed_testing_duplicates.csv,"Evaluation of an adapted version of the Diabetes Prevention Program for low- and middle-income countries: A cluster randomized trial to evaluate ""Lifestyle  Africa"" in South Africa."
AL4NSSUI,testing,cross_set_duplicate,corpus,"same paper as validation UD8UUMUN, which already carries a human label",matched on DOI,rule,,results/review/02_removed_testing_duplicates.csv,Does Clinical Decision Support Increase Appropriate Medication Prescribing for Cardiovascular Risk Reduction?
7KFKZX8A,testing,cross_set_duplicate,corpus,"same paper as validation RJD9XX6D, which already carries a human label","matched on DOI, PDF bytes identical",rule,,results/review/02_removed_testing_duplicates.csv,A multilevel approach for promoting physical activity in rural communities: a cluster randomized controlled trial.
2K6MPX29,testing,cross_set_duplicate,corpus,"same paper as validation 3SUSMNR7, which already carries a human label",matched on DOI,rule,,results/review/02_removed_testing_duplicates.csv,"Prenatal Household Air Pollution Is Associated with Impaired Infant Lung Function with Sex-Specific Effects. Evidence from GRAPHS, a Cluster Randomized Cookstove  Intervention Trial."
T5IM4AH3,testing,cross_set_duplicate,corpus,"same paper as validation 7M6ST2JQ, which already carries a human label",matched on DOI,rule,,results/review/02_removed_testing_duplicates.csv,Effect of the School-Based Asthma Care for Teens (SB-ACT) program on asthma morbidity: a 3-arm randomized controlled trial.
LHEJ2FX5,testing,cross_set_duplicate,corpus,"same paper as validation IASMJG49, which already carries a human label","matched on DOI, PDF bytes identical",rule,,results/review/02_removed_testing_duplicates.csv,Adapting and implementing breast cancer follow-up in primary care: protocol for a mixed methods hybrid type 1 effectiveness-implementation cluster randomized  study.
638GS4WW,testing,cross_set_duplicate,corpus,"same paper as validation 99MJ924A, which already carries a human label",matched on DOI,rule,,results/review/02_removed_testing_duplicates.csv,"Prognostic accuracy of patients, caregivers, and oncologists in advanced cancer."
ML28EFGN,testing,cross_set_duplicate,corpus,"same paper as validation 2RDD8DGI, which already carries a human label",matched on DOI,rule,,results/review/02_removed_testing_duplicates.csv,Efficacy of Mobile Phone-Delivered Smoking Cessation Interventions for Socioeconomically Disadvantaged Individuals: A Randomized Clinical Trial.
9KXCEXY4,testing,cross_set_duplicate,corpus,"same paper as validation 8R8U6VMX, which already carries a human label",matched on DOI,rule,,results/review/02_removed_testing_duplicates.csv,Cluster Randomized Trial for Hypertension Control: Effect on Lifestyles and Body Weight.
HPMCVUYQ,testing,cross_set_duplicate,corpus,"same paper as validation FZB8IQSZ, which already carries a human label",matched on DOI,rule,,results/review/02_removed_testing_duplicates.csv,Cost-Effectiveness of a Comprehensive Approach for Hypertension Control in Low-Income Settings in Argentina: Trial-Based Analysis of the Hypertension  Control Program in Argentina.
4IHUVZLN,testing,cross_set_duplicate,corpus,"same paper as validation 6QNQDH2P, which already carries a human label",matched on DOI,rule,,results/review/02_removed_testing_duplicates.csv,Early Emotion Knowledge and Later Academic Achievement Among Children of Color in Historically Disinvested Neighborhoods.
5NR7NMK7,testing,cross_set_duplicate,corpus,"same paper as validation ILWWS7LD, which already carries a human label","matched on DOI, PDF bytes identical",rule,,results/review/02_removed_testing_duplicates.csv,The Transdiagnostic Intervention for Sleep and Circadian Dysfunction (TranS-C) for serious mental illness in community mental health part 3: study protocol to  evaluate sustainment in a hybrid type 2 effectiveness-implementation  cluster-randomized trial.
XLJ8EEGM,testing,cross_set_duplicate,corpus,"same paper as validation C9P63S2B, which already carries a human label","matched on DOI, PDF bytes identical",rule,,results/review/02_removed_testing_duplicates.csv,Team-focused implementation strategies to improve implementation of mental health screening and referral in rural Children's Advocacy Centers: study protocol for a  pilot cluster randomized hybrid type 2 trial.
CDNDDFVP,testing,cross_set_duplicate,corpus,"same paper as validation B9YG8GYQ, which already carries a human label","matched on DOI, PDF bytes identical",rule,,results/review/02_removed_testing_duplicates.csv,Sustainability via Active Garden Education: The Sustainability Action Plan Model and Process.
LNHMBK89,testing,cross_set_duplicate,corpus,"same paper as validation 677HVIFJ, which already carries a human label",matched on DOI,rule,,results/review/02_removed_testing_duplicates.csv,Decision aids for localized prostate cancer in diverse minority men: Primary outcome results from a multicenter cancer care delivery trial (Alliance  A191402CD).
2SH9H8T4,testing,cross_set_duplicate,corpus,"same paper as validation K8TKE6RJ, which already carries a human label","matched on DOI, PDF bytes identical",rule,,results/review/02_removed_testing_duplicates.csv,"Longitudinal Changes in Allostatic Load during a Randomized Church-based, Lifestyle Intervention in African American Women."
ABTDMI8L,testing,cross_set_duplicate,corpus,"same paper as validation ASUUZY3Z, which already carries a human label","matched on DOI, PDF bytes identical",rule,,results/review/02_removed_testing_duplicates.csv,"HPV vaccine uptake among daughters of Latinx immigrant mothers: Findings from a cluster randomized controlled trial of a community-based, culturally relevant  intervention."
2RSZ96NM,testing,cross_set_duplicate,corpus,"same paper as validation CN8B23MZ, which already carries a human label",matched on DOI,rule,,results/review/02_removed_testing_duplicates.csv,Effects of a Faith-Based Obesity Intervention on African American and Latino Adults' Children.
C69ZCY8Y,testing,cross_set_duplicate,corpus,"same paper as validation FCXQJYSP, which already carries a human label",matched on DOI,rule,,results/review/02_removed_testing_duplicates.csv,Lessons learned from conducting the first cancer care delivery trial in the Alliance for Clinical Trials in Oncology (Alliance A191402CD).
I7LYX39I,testing,cross_set_duplicate,corpus,"same paper as validation EH85EJ36, which already carries a human label","matched on DOI, PDF bytes identical",rule,,results/review/02_removed_testing_duplicates.csv,Reducing metabolic syndrome through a community-based lifestyle intervention in African American women.
Q472RUI9,testing,cross_set_duplicate,corpus,"same paper as validation QGRTXZZH, which already carries a human label",matched on DOI,rule,,results/review/02_removed_testing_duplicates.csv,Efficacy of a community-based participatory and multilevel intervention to enhance hepatitis B virus screening and vaccination in underserved Korean  Americans.
ENWUMAJ6,testing,cross_set_duplicate,corpus,"same paper as validation Y9EY4XQ8, which already carries a human label",matched on DOI,rule,,results/review/02_removed_testing_duplicates.csv,"Reducing ethnic and racial disparities by improving undertreatment, control, and engagement in blood pressure management with health information technology  (REDUCE-BP) hybrid effectiveness-implementation pragmatic trial: Rationale and  design."
4NCCEB97,testing,cross_set_duplicate,corpus,"same paper as validation RKXS5GKB, which already carries a human label","matched on DOI, PDF bytes identical",rule,,results/review/02_removed_testing_duplicates.csv,Social Determinants of Health as Potential Influencers of a Collaborative Care Intervention for Patients with Hypertension.
PIQT5A3I,testing,cross_set_duplicate,corpus,"same paper as validation TEXLFQSL, which already carries a human label",matched on DOI,rule,,results/review/02_removed_testing_duplicates.csv,Mobile Application-Based Communication Facilitation Platform for Family Members of Critically Ill Patients: A Randomized Clinical Trial.
JSTTSB8E,testing,cross_set_duplicate,corpus,"same paper as validation DFJE8ALD, which already carries a human label","matched on DOI, PDF bytes identical",rule,,results/review/02_removed_testing_duplicates.csv,Two-year outcomes of Faith in Action/Fe en Acción: a randomized controlled trial of physical activity promotion in Latinas.
CEC5MDFZ,testing,cross_set_duplicate,corpus,"same paper as validation J4BU3EEE, which already carries a human label",matched on DOI,rule,,results/review/02_removed_testing_duplicates.csv,Leisure-Time Physical Activity and Characteristics of Social Network Support for Exercise Among Latinas.
A3H3NDHF,testing,correction_notice,corpus,"title announces a correction/erratum/retraction, not a study",flagged as THIN_TEXT; verdict_reason=MANUAL_DROPPED,human,2026-08-13T19:53:11+00:00,results/review/04_papers_reviewed_results.csv,Erratum to: Culturally adaptive storytelling intervention versus didactic intervention to improve hypertension control in Vietnam: a cluster randomized  controlled feasibility trial.
NBBD4EVE,testing,correction_notice,corpus,"title announces a correction/erratum/retraction, not a study",flagged as THIN_TEXT; verdict_reason=MANUAL_DROPPED,human,2026-08-13T21:02:39+00:00,results/review/04_papers_reviewed_results.csv,Corrigendum: Analysis of cluster-randomized test-negative designs: cluster-level methods.
,validation,label_unjoinable,validation_labels,ambiguous citation suffix '2022a',"citation '168. (Patterson et al., 2022a)'; candidates: JBUFJCLU; IT2B87LL",rule,,results/review/05_label_match_review.csv,"Correction to: A cluster randomized controlled trial for a multi-level | A cluster randomized controlled trial for a multi-level, clinic-based "
,validation,label_unjoinable,validation_labels,ambiguous citation suffix '2022b',"citation '169. (Patterson et al., 2022b)'; candidates: JBUFJCLU; IT2B87LL",rule,,results/review/05_label_match_review.csv,"Correction to: A cluster randomized controlled trial for a multi-level | A cluster randomized controlled trial for a multi-level, clinic-based "
