priority,category,paper_id,set,why,verdict,verdict_reason,title_score,pages,doi,folder,title
1,A_WRONG_DOCUMENT,2NUR4ISP,testing,PDF does not match the record on any signal,MISMATCH,NO_MATCH,79.3,4,10.2196/24115,NIMH,Adaptation of the World Health Organization Electronic Mental Health Gap Action Programme Intervention Guide App for Mobile Devices in Nepal and Nigeria:  Protocol for a Feasibility Cluster Randomized Controlled Trial.
1,A_WRONG_DOCUMENT,3NJJIQJQ,validation,"PDF is NIH/PCORI grant paperwork, not the article",MISMATCH,ADMIN_DOCUMENT,83.0,14,10.2196/34502,FinalCollectionFor Publication,Evaluation of the Efficacy of a Smoking Cessation Intervention for Cervical Cancer Survivors and Women With High-Grade Cervical Dysplasia: Protocol for a Randomized Controlled Trial
1,A_WRONG_DOCUMENT,4347I8U7,testing,"PDF is NIH/PCORI grant paperwork, not the article",MISMATCH,ADMIN_DOCUMENT,87.6,10,10.2196/34990,NIA; NIGMS; NLM,A Scalable Service to Improve Health Care Quality Through Precision Audit and Feedback: Proposal for a Randomized Controlled Trial.
1,A_WRONG_DOCUMENT,5ZYEYEFF,testing,PDF does not match the record on any signal,MISMATCH,NO_MATCH,45.8,79,10.2196/26192,NIMH,"Mobile Health-Supported HIV Self-Testing Strategy Among Urban Refugee and Displaced Youth in Kampala, Uganda: Protocol for a Cluster Randomized Trial  (Tushirikiane, Supporting Each Other)."
1,A_WRONG_DOCUMENT,62ZSZPVQ,testing,"PDF is NIH/PCORI grant paperwork, not the article",MISMATCH,ADMIN_DOCUMENT,80.0,15,10.2196/37002,NICHD,Evaluation of a Circadian Rhythm and Sleep-Focused Mobile Health Intervention for the Prevention of Accelerated Summer Weight Gain Among Elementary School-Age  Children: Protocol for a Randomized Controlled Feasibility Study.
1,A_WRONG_DOCUMENT,8YD6VXVA,testing,"PDF is NIH/PCORI grant paperwork, not the article",MISMATCH,ADMIN_DOCUMENT,92.5,14,10.2196/15314,NICHD,Integrated Care Delivery for HIV Prevention and Treatment in Adolescent Girls and Young Women in Zambia: Protocol for a Cluster-Randomized Controlled Trial.
1,A_WRONG_DOCUMENT,CLPMXINX,testing,"PDF is NIH/PCORI grant paperwork, not the article",MISMATCH,ADMIN_DOCUMENT,92.2,12,10.2196/46187,NIDDK,Enhancing the Cardiovascular Safety of Hemodialysis Care Using Multimodal Provider Education and Patient Activation Interventions: Protocol for a Cluster  Randomized Controlled Trial.
1,A_WRONG_DOCUMENT,DB7RLSI3,testing,"PDF is NIH/PCORI grant paperwork, not the article",MISMATCH,ADMIN_DOCUMENT,86.3,12,10.2196/44219,NIDA; NIMH,Strengthening Addiction Care Continuum Through Community Consortium in Vietnam: Protocol for a Cluster-Randomized Controlled Trial.
1,A_WRONG_DOCUMENT,DBT2TU6U,testing,PDF does not match the record on any signal,MISMATCH,NO_MATCH,47.3,66,10.2196/30372,FIC,Effectiveness of Cash Transfer Delivered Along With Combination HIV Prevention Interventions in Reducing the Risky Sexual Behavior of Adolescent Girls and Young  Women in Tanzania: Cluster Randomized Controlled Trial.
1,A_WRONG_DOCUMENT,DY89L5PP,testing,"PDF is NIH/PCORI grant paperwork, not the article",MISMATCH,ADMIN_DOCUMENT,79.4,13,10.2196/33695,NIMH,Harnessing Innovative Technologies to Train Nurses in Suicide Safety Planning With Hospitalized Patients: Protocol for Formative and Pilot Feasibility  Research.
1,A_WRONG_DOCUMENT,EYG252Z5,testing,"PDF is NIH/PCORI grant paperwork, not the article",MISMATCH,ADMIN_DOCUMENT,81.0,29,10.2196/51660,NIAID,Seasonal Malaria Chemoprevention Therapy in Children Up To 9 Years of Age: Protocol for a Cluster-Randomized Trial Study.
1,A_WRONG_DOCUMENT,H6A7ZU2Q,testing,"PDF is NIH/PCORI grant paperwork, not the article",MISMATCH,ADMIN_DOCUMENT,88.1,13,10.2196/40101,NIMH,A Multilevel Integrated Intervention to Reduce the Impact of HIV Stigma on HIV Treatment Outcomes Among Adolescents Living With HIV in Uganda: Protocol for a  Randomized Controlled Trial.
1,A_WRONG_DOCUMENT,IB825UX2,validation,"PDF is NIH/PCORI grant paperwork, not the article",MISMATCH,ADMIN_DOCUMENT,84.1,13,10.2196/33183,FinalCollectionFor Publication,Evaluating the Efficacy of Automated Smoking Treatment for People With HIV: Protocol for a Randomized Controlled Trial
1,A_WRONG_DOCUMENT,LLZYSRKB,testing,"PDF is NIH/PCORI grant paperwork, not the article",MISMATCH,ADMIN_DOCUMENT,96.9,16,10.2196/43986,NIAAA,Cross-Tailoring Integrative Alcohol and Risky Sexual Behavior Feedback for College Students: Protocol for a Hybrid Type 1 Effectiveness-Implementation  Trial.
1,A_WRONG_DOCUMENT,LNE655AM,validation,"PDF is NIH/PCORI grant paperwork, not the article",MISMATCH,ADMIN_DOCUMENT,96.7,13,10.2196/48923,FinalCollectionFor Publication,Ending Tobacco Use Through Interactive Tailored Messaging for Cambodian People With HIV (Project EndIT): Protocol for a Randomized Controlled Trial
1,A_WRONG_DOCUMENT,NEFAHCCF,testing,PDF does not match the record on any signal,MISMATCH,NO_MATCH,52.2,2,10.2196/24359,NCATS,Applying Clinical Decision Support Design Best Practices With the Practical Robust Implementation and Sustainability Model Versus Reliance on Commercially  Available Clinical Decision Support Tools: Randomized Controlled Trial.
1,A_WRONG_DOCUMENT,NYT8TV5W,testing,PDF does not match the record on any signal,MISMATCH,NO_MATCH,35.1,53,10.2196/28723,NIA; NIDDK,A Behavioral Economics-Electronic Health Record Module to Promote Appropriate Diabetes Management in Older Adults: Protocol for a Pragmatic Cluster Randomized  Controlled Trial.
1,A_WRONG_DOCUMENT,QITZ472M,testing,PDF does not match the record on any signal,MISMATCH,NO_MATCH,47.6,1,10.2196/24342,NIDCR,De-Implementing Opioid Use and Implementing Optimal Pain Management Following Dental Extractions (DIODE): Protocol for a Cluster Randomized Trial.
1,A_WRONG_DOCUMENT,XQ95HYJB,testing,no text layer; cannot verify (scanned image),PDF_UNREADABLE,NO_TEXT,0.0,0,10.2196/33929,NICHD; NIDDK,A Web-Based mHealth Intervention With Telephone Support to Increase Physical Activity Among Pregnant Patients With Overweight or Obesity: Feasibility  Randomized Controlled Trial.
1,B_LIKELY_WRONG,AULRV66J,testing,title appears 64% into text = cited in a reference list; 0/12 authors -> probably a different article,WEAK,TITLE_NEAR_MATCH,100.0,4,10.1016/j.ophtha.2020.02.014,NEI,Post-antibiotic Ocular Surface Microbiome in Children: A Cluster-Randomized Trial.
2,D_DUPLICATE_IN_VALIDATION,62TBCTHX,validation,"same DOI as ['6ZR6F8KG'] inside the validation set - would be double-counted in accuracy, and could split across the 350/150 holdout",VERIFIED,DOI_MATCH,100.0,10,10.1016/j.jpainsymman.2022.11.025,FinalCollectionFor Publication,Examining Caregiver Outcomes in the CONNECT Intervention for Patients With Advanced Cancer
2,D_DUPLICATE_IN_VALIDATION,6EI22ZER,validation,"same DOI as ['DPPC94XT'] inside the validation set - would be double-counted in accuracy, and could split across the 350/150 holdout",VERIFIED,DOI_MATCH,100.0,13,10.1016/j.cct.2021.106526,Locked_26_01_08_337,"Testing the effectiveness of community-engaged citizen science to promote physical activity, foster healthier neighborhood environments, and advance health equity in vulnerable communities: The Steps for Change randomized controlled trial design and methods"
2,D_DUPLICATE_IN_VALIDATION,6ZR6F8KG,validation,"same DOI as ['62TBCTHX'] inside the validation set - would be double-counted in accuracy, and could split across the 350/150 holdout",VERIFIED,DOI_MATCH,100.0,19,10.1016/j.jpainsymman.2022.11.025,Locked_26_01_08_337,Examining Caregiver Outcomes in the CONNECT Intervention for Patients With Advanced Cancer
2,D_DUPLICATE_IN_VALIDATION,9G7ZMMY3,validation,"same DOI as ['RJD9XX6D'] inside the validation set - would be double-counted in accuracy, and could split across the 350/150 holdout",VERIFIED,DOI_MATCH,100.0,10,10.1186/s12889-019-6443-8,Locked_26_01_08_337,A multilevel approach for promoting physical activity in rural communities: a cluster randomized controlled trial
2,D_DUPLICATE_IN_VALIDATION,ASTFEXJ3,validation,"same DOI as ['E92KWK4B'] inside the validation set - would be double-counted in accuracy, and could split across the 350/150 holdout",VERIFIED,DOI_MATCH,100.0,9,10.18865/ed.decipher.18,Locked_26_01_08_337,Process of Engaging Community and Scientific Partners in the Development of the CIRCL-Chicago Study Protocol
2,D_DUPLICATE_IN_VALIDATION,B6VJ22FA,validation,"same DOI as ['GIHWCXEH'] inside the validation set - would be double-counted in accuracy, and could split across the 350/150 holdout",VERIFIED,DOI_MATCH,100.0,9,10.1177/02692163231214422,FinalCollectionFor Publication,Hope and illness expectations: A cross-sectional study in patients with advanced cancer
2,D_DUPLICATE_IN_VALIDATION,BCPZNXV7,validation,"same DOI as ['I842F22F'] inside the validation set - would be double-counted in accuracy, and could split across the 350/150 holdout",VERIFIED,DOI_MATCH,100.0,13,10.3390/nu11102320,FinalCollectionFor Publication,"Eating Occasions, Obesity and Related Behaviors in Working Adults: Does it Matter When You Snack?"
2,D_DUPLICATE_IN_VALIDATION,BMCWCLQH,validation,"same DOI as ['Z7NF2G6Q'] inside the validation set - would be double-counted in accuracy, and could split across the 350/150 holdout",VERIFIED,DOI_MATCH,100.0,8,10.1123/jpah.2021-0677,Locked_26_01_08_337,Objective Measures of Physical Activity in Rural Communities: Factors Associated With a Valid Wear and Lessons Learned
2,D_DUPLICATE_IN_VALIDATION,D8CQJP9V,validation,"same DOI as ['HPIL7WVW'] inside the validation set - would be double-counted in accuracy, and could split across the 350/150 holdout",VERIFIED,DOI_MATCH,100.0,10,10.1001/jamainternmed.2021.5185,Locked_26_01_08_337,Effect of an Oncology Nurse-Led Primary Palliative Care Intervention on Patients With Advanced Cancer: The CONNECT Cluster Randomized Clinical Trial
2,D_DUPLICATE_IN_VALIDATION,DPPC94XT,validation,"same DOI as ['6EI22ZER'] inside the validation set - would be double-counted in accuracy, and could split across the 350/150 holdout",VERIFIED,DOI_MATCH,100.0,31,10.1016/j.cct.2021.106526,FinalCollectionFor Publication,"Testing the effectiveness of community-engaged citizen science to promote physical activity, foster healthier neighborhood environments, and advance health equity in vulnerable communities: The Steps for Change randomized controlled trial design and methods"
2,D_DUPLICATE_IN_VALIDATION,E92KWK4B,validation,"same DOI as ['ASTFEXJ3'] inside the validation set - would be double-counted in accuracy, and could split across the 350/150 holdout",VERIFIED,DOI_MATCH,100.0,9,10.18865/ed.decipher.18,FinalCollectionFor Publication,Process of Engaging Community and Scientific Partners in the Development of the CIRCL-Chicago Study Protocol
2,D_DUPLICATE_IN_VALIDATION,FUSDUXRL,validation,"same DOI as ['NCY67FZ9'] inside the validation set - would be double-counted in accuracy, and could split across the 350/150 holdout",VERIFIED,DOI_MATCH,100.0,21,10.1016/j.jagp.2019.04.011,Locked_26_01_08_337,Changes in Moderate Intensity Physical Activity Are Associated With Better Cognition in the Multilevel Intervention for Physical Activity in Retirement Communities (MIPARC) Study
2,D_DUPLICATE_IN_VALIDATION,GIHWCXEH,validation,"same DOI as ['B6VJ22FA'] inside the validation set - would be double-counted in accuracy, and could split across the 350/150 holdout",VERIFIED,DOI_MATCH,100.0,9,10.1177/02692163231214422,Locked_26_01_08_337,Hope and illness expectations: A cross-sectional study in patients with advanced cancer
2,D_DUPLICATE_IN_VALIDATION,HLQA5RI6,validation,"same DOI as ['QQ3EW96Q'] inside the validation set - would be double-counted in accuracy, and could split across the 350/150 holdout",VERIFIED,DOI_MATCH,100.0,8,10.1007/s11606-020-06571-x,FinalCollectionFor Publication,Teaching Medical Students to Help Patients Manage Their Weight: Outcomes of an Eight-School Randomized Controlled Trial
2,D_DUPLICATE_IN_VALIDATION,HPIL7WVW,validation,"same DOI as ['D8CQJP9V'] inside the validation set - would be double-counted in accuracy, and could split across the 350/150 holdout",VERIFIED,DOI_MATCH,100.0,10,10.1001/jamainternmed.2021.5185,FinalCollectionFor Publication,Effect of an Oncology Nurse-Led Primary Palliative Care Intervention on Patients With Advanced Cancer: The CONNECT Cluster Randomized Clinical Trial
2,D_DUPLICATE_IN_VALIDATION,I842F22F,validation,"same DOI as ['BCPZNXV7'] inside the validation set - would be double-counted in accuracy, and could split across the 350/150 holdout",VERIFIED,DOI_MATCH,100.0,13,10.3390/nu11102320,Locked_26_01_08_337,"Eating Occasions, Obesity and Related Behaviors in Working Adults: Does it Matter When You Snack?"
2,D_DUPLICATE_IN_VALIDATION,JNJYCIH8,validation,"same DOI as ['Y65DB7TT'] inside the validation set - would be double-counted in accuracy, and could split across the 350/150 holdout",VERIFIED,DOI_MATCH,100.0,8,10.6004/jnccn.2023.7002,Locked_26_01_08_337,Primary Palliative Care Improves Uptake of Advance Care Planning Among Patients With Advanced Cancers
2,D_DUPLICATE_IN_VALIDATION,NCY67FZ9,validation,"same DOI as ['FUSDUXRL'] inside the validation set - would be double-counted in accuracy, and could split across the 350/150 holdout",VERIFIED,DOI_MATCH,100.0,21,10.1016/j.jagp.2019.04.011,FinalCollectionFor Publication,Changes in Moderate Intensity Physical Activity Are Associated With Better Cognition in the Multilevel Intervention for Physical Activity in Retirement Communities (MIPARC) Study
2,D_DUPLICATE_IN_VALIDATION,QQ3EW96Q,validation,"same DOI as ['HLQA5RI6'] inside the validation set - would be double-counted in accuracy, and could split across the 350/150 holdout",VERIFIED,DOI_MATCH,100.0,8,10.1007/s11606-020-06571-x,Locked_26_01_08_337,Teaching Medical Students to Help Patients Manage Their Weight: Outcomes of an Eight-School Randomized Controlled Trial
2,D_DUPLICATE_IN_VALIDATION,RJD9XX6D,validation,"same DOI as ['9G7ZMMY3'] inside the validation set - would be double-counted in accuracy, and could split across the 350/150 holdout",VERIFIED,DOI_MATCH,100.0,10,10.1186/s12889-019-6443-8,FinalCollectionFor Publication,A multilevel approach for promoting physical activity in rural communities: a cluster randomized controlled trial
2,D_DUPLICATE_IN_VALIDATION,SH5J2R2J,validation,"same DOI as ['W5Z7K27W'] inside the validation set - would be double-counted in accuracy, and could split across the 350/150 holdout",VERIFIED,DOI_MATCH,100.0,11,10.1186/s12966-024-01602-w,FinalCollectionFor Publication,Evaluation of a walking school bus program: a cluster randomized controlled trial
2,D_DUPLICATE_IN_VALIDATION,TCF92VSK,validation,"same DOI as ['VGG3KIMT'] inside the validation set - would be double-counted in accuracy, and could split across the 350/150 holdout",VERIFIED,DOI_MATCH,100.0,14,10.1186/s13012-024-01368-6,Locked_26_01_08_337,"Scaling up a brief alcohol intervention to prevent HIV infection in Vietnam: a cluster randomized, implementation trial"
2,D_DUPLICATE_IN_VALIDATION,UAZFWMQ5,validation,"same DOI as ['VKY7UK64'] inside the validation set - would be double-counted in accuracy, and could split across the 350/150 holdout",VERIFIED,DOI_MATCH,100.0,6,10.1002/oby.23373,Locked_26_01_08_337,A practical decision tree to support editorial adjudication of submitted parallel cluster randomized controlled trials
2,D_DUPLICATE_IN_VALIDATION,VGG3KIMT,validation,"same DOI as ['TCF92VSK'] inside the validation set - would be double-counted in accuracy, and could split across the 350/150 holdout",VERIFIED,DOI_MATCH,100.0,14,10.1186/s13012-024-01368-6,FinalCollectionFor Publication,"Scaling up a brief alcohol intervention to prevent HIV infection in Vietnam: a cluster randomized, implementation trial"
2,D_DUPLICATE_IN_VALIDATION,VKY7UK64,validation,"same DOI as ['UAZFWMQ5'] inside the validation set - would be double-counted in accuracy, and could split across the 350/150 holdout",VERIFIED,DOI_MATCH,100.0,6,10.1002/oby.23373,FinalCollectionFor Publication,A practical decision tree to support editorial adjudication of submitted parallel cluster randomized controlled trials
2,D_DUPLICATE_IN_VALIDATION,W5Z7K27W,validation,"same DOI as ['SH5J2R2J'] inside the validation set - would be double-counted in accuracy, and could split across the 350/150 holdout",VERIFIED,DOI_MATCH,100.0,11,10.1186/s12966-024-01602-w,Locked_26_01_08_337,Evaluation of a walking school bus program: a cluster randomized controlled trial
2,D_DUPLICATE_IN_VALIDATION,XYJLRGVC,validation,"same DOI as ['Y3Z3PR9V'] inside the validation set - would be double-counted in accuracy, and could split across the 350/150 holdout",VERIFIED,DOI_MATCH,100.0,17,10.1016/j.jpainsymman.2018.07.005,FinalCollectionFor Publication,"Quality of Communication and Trust in Patients With Serious Illness: An Exploratory Study of the Relationships of Race/Ethnicity, Socioeconomic Status, and Religiosity"
2,D_DUPLICATE_IN_VALIDATION,Y3Z3PR9V,validation,"same DOI as ['XYJLRGVC'] inside the validation set - would be double-counted in accuracy, and could split across the 350/150 holdout",VERIFIED,DOI_MATCH,100.0,17,10.1016/j.jpainsymman.2018.07.005,Locked_26_01_08_337,"Quality of Communication and Trust in Patients With Serious Illness: An Exploratory Study of the Relationships of Race/Ethnicity, Socioeconomic Status, and Religiosity"
2,D_DUPLICATE_IN_VALIDATION,Y65DB7TT,validation,"same DOI as ['JNJYCIH8'] inside the validation set - would be double-counted in accuracy, and could split across the 350/150 holdout",VERIFIED,DOI_MATCH,100.0,8,10.6004/jnccn.2023.7002,FinalCollectionFor Publication,Primary Palliative Care Improves Uptake of Advance Care Planning Among Patients With Advanced Cancers
2,D_DUPLICATE_IN_VALIDATION,Z7NF2G6Q,validation,"same DOI as ['BMCWCLQH'] inside the validation set - would be double-counted in accuracy, and could split across the 350/150 holdout",VERIFIED,DOI_MATCH,100.0,8,10.1123/jpah.2021-0677,FinalCollectionFor Publication,Objective Measures of Physical Activity in Rural Communities: Factors Associated With a Valid Wear and Lessons Learned
2,E_IN_BOTH_SETS,2EAWBLSK,testing,same DOI as validation paper JNJYCIH8 - label leakage if classified blind in the corpus,VERIFIED,DOI_MATCH,100.0,8,10.6004/jnccn.2023.7002,NIA,Primary Palliative Care Improves Uptake of Advance Care Planning Among Patients With Advanced Cancers.
2,E_IN_BOTH_SETS,2K6MPX29,testing,same DOI as validation paper 3SUSMNR7 - label leakage if classified blind in the corpus,VERIFIED,DOI_MATCH,100.0,9,10.1164/rccm.201804-0694oc,NIEHS,"Prenatal Household Air Pollution Is Associated with Impaired Infant Lung Function with Sex-Specific Effects. Evidence from GRAPHS, a Cluster Randomized Cookstove  Intervention Trial."
2,E_IN_BOTH_SETS,2QVEH4DA,testing,same DOI as validation paper CMD8N46A - label leakage if classified blind in the corpus,VERIFIED,DOI_MATCH,100.0,12,10.1186/s13012-018-0819-5,NIDDK,"Developing an evidence-based program sustainability training curriculum: a group randomized, multi-phase approach."
2,E_IN_BOTH_SETS,2RSZ96NM,testing,same DOI as validation paper CN8B23MZ - label leakage if classified blind in the corpus,VERIFIED,DOI_MATCH,100.0,6,10.1177/2752535x241235992,NIMHD,Effects of a Faith-Based Obesity Intervention on African American and Latino Adults' Children.
2,E_IN_BOTH_SETS,2SH9H8T4,testing,same DOI as validation paper K8TKE6RJ - label leakage if classified blind in the corpus,VERIFIED,DOI_MATCH,100.0,12,10.18865/ed.29.2.297,NIMHD,"Longitudinal Changes in Allostatic Load during a Randomized Church-based, Lifestyle Intervention in African American Women."
2,E_IN_BOTH_SETS,2UTZGV6B,testing,same DOI as validation paper VPCPTPZL - label leakage if classified blind in the corpus,VERIFIED,DOI_MATCH,100.0,12,10.1200/op.21.00196,NCATS; NIA,Using Geriatric Assessment to Guide Conversations Regarding Comorbidities Among Older Patients With Advanced Cancer.
2,E_IN_BOTH_SETS,2YQ564QT,testing,same DOI as validation paper DGEX5HE7 - label leakage if classified blind in the corpus,VERIFIED,DOI_MATCH,100.0,14,10.1001/jamanetworkopen.2022.36370,NICHD,Impact of Vaping Prevention Advertisements on US Adolescents: A Randomized Clinical Trial.
2,E_IN_BOTH_SETS,32XV68PT,testing,same DOI as validation paper 36I94AIH - label leakage if classified blind in the corpus,VERIFIED,DOI_MATCH,100.0,17,10.1016/j.cct.2024.107494,NCATS,Protocol for a cluster-randomized trial of a school-based skin cancer preventive intervention for adolescents.
2,E_IN_BOTH_SETS,33MGPB3E,testing,same DOI as validation paper 7BJRB6LP - label leakage if classified blind in the corpus,VERIFIED,DOI_MATCH,100.0,11,10.1634/theoncologist.2018-0890,NIA,"Beliefs About Advanced Cancer Curability in Older Patients, Their Caregivers, and Oncologists."
2,E_IN_BOTH_SETS,3BRBKRE4,testing,same DOI as validation paper 2QQAF298 - label leakage if classified blind in the corpus,VERIFIED,DOI_MATCH,100.0,26,10.1016/j.cct.2018.02.018,NIDDK,"Workplace health and safety intervention for child care staff: Rationale, design, and baseline results from the CARE cluster randomized control trial."
2,E_IN_BOTH_SETS,3C5XA7IA,testing,same DOI as validation paper 4QHFZPVG - label leakage if classified blind in the corpus,VERIFIED,DOI_MATCH,100.0,14,10.1186/s13012-020-0973-4,NIAID,Systems analysis and improvement approach to optimize the hypertension diagnosis and care cascade for PLHIV individuals (SAIA-HTN): a hybrid type III cluster  randomized trial.
2,E_IN_BOTH_SETS,3H3GT54W,testing,same DOI as validation paper GVQJHIGK - label leakage if classified blind in the corpus,VERIFIED,DOI_MATCH,100.0,15,10.3390/ijerph19010106,NIDDK,Efficacy of an Enhanced Implementation Strategy to Increase Parent Engagement with a Health Promotion Program in Childcare.
2,E_IN_BOTH_SETS,3KRFH8XE,testing,same DOI as validation paper FEHWGZSQ - label leakage if classified blind in the corpus,VERIFIED,DOI_MATCH,100.0,19,10.1371/journal.pmed.1003964,NIDDK,"Evaluation of an adapted version of the Diabetes Prevention Program for low- and middle-income countries: A cluster randomized trial to evaluate ""Lifestyle  Africa"" in South Africa."
2,E_IN_BOTH_SETS,3LF3TY9W,testing,same DOI as validation paper D24FD6G2 - label leakage if classified blind in the corpus,VERIFIED,DOI_MATCH,100.0,10,10.1111/dme.13840,NIDDK; NINDS,"Automated symptom and treatment side effect monitoring for improved quality of life among adults with diabetic peripheral neuropathy in primary care: a  pragmatic, cluster, randomized, controlled trial."
2,E_IN_BOTH_SETS,3VCQS3N8,testing,same DOI as validation paper KCV63L9X - label leakage if classified blind in the corpus,VERIFIED,DOI_MATCH,100.0,10,10.1016/j.jchf.2023.11.002,NCATS,Impact of Visit Volume on the Effectiveness of Electronic Tools to Improve Heart Failure Care.
2,E_IN_BOTH_SETS,3ZC4NVNY,testing,same DOI as validation paper ZDP4YJ9U - label leakage if classified blind in the corpus,VERIFIED,DOI_MATCH,100.0,13,10.1038/s41467-024-45624-1,NIAID,WASH interventions and child diarrhea at the interface of climate and socioeconomic position in Bangladesh.
2,E_IN_BOTH_SETS,45QRDBNZ,testing,same DOI as validation paper D7FNGV5H - label leakage if classified blind in the corpus,VERIFIED,DOI_MATCH,100.0,9,10.1001/jamaoncol.2019.4728,NIA,Communication With Older Patients With Cancer Using Geriatric Assessment: A Cluster-Randomized Clinical Trial From the National Cancer Institute Community  Oncology Research Program.
2,E_IN_BOTH_SETS,4842MXRJ,testing,same DOI as validation paper BDSYFVYJ - label leakage if classified blind in the corpus,VERIFIED,DOI_MATCH,100.0,16,10.1016/j.jand.2018.08.154,NIDDK,Nutritional Quality of Meals and Snacks Served and Consumed in Family Child Care.
2,E_IN_BOTH_SETS,4D7EX7WA,testing,same DOI as validation paper 4RJRGIRQ - label leakage if classified blind in the corpus,VERIFIED,DOI_MATCH,100.0,16,10.1002/pon.4828,NIDDK; NIMHD,Social support and breast cancer screening in rural Appalachia.
2,E_IN_BOTH_SETS,4GPSLLBZ,testing,same DOI as validation paper PQNBSQLX - label leakage if classified blind in the corpus,VERIFIED,DOI_MATCH,100.0,14,10.1016/j.jacc.2023.02.005,NCATS,Cluster-Randomized Trial Comparing Ambulatory Decision Support Tools to Improve Heart Failure Care.
2,E_IN_BOTH_SETS,4IHUVZLN,testing,same DOI as validation paper 6QNQDH2P - label leakage if classified blind in the corpus,VERIFIED,DOI_MATCH,100.0,27,10.1111/cdev.13432,NIMH,Early Emotion Knowledge and Later Academic Achievement Among Children of Color in Historically Disinvested Neighborhoods.
2,E_IN_BOTH_SETS,4NCCEB97,testing,same DOI as validation paper RKXS5GKB - label leakage if classified blind in the corpus,VERIFIED,DOI_MATCH,100.0,10,10.18865/ed.31.1.47,NIMHD,Social Determinants of Health as Potential Influencers of a Collaborative Care Intervention for Patients with Hypertension.
2,E_IN_BOTH_SETS,4P75RKMV,testing,same DOI as validation paper 4Q7JQUVU - label leakage if classified blind in the corpus,VERIFIED,DOI_MATCH,100.0,17,10.1056/nejmoa1900669,NIA; NIGMS,Effect on Patient Safety of a Resident Physician Schedule without 24-Hour Shifts.
2,E_IN_BOTH_SETS,4RZVCI4Z,testing,same DOI as validation paper 54ZXRGZ7 - label leakage if classified blind in the corpus,VERIFIED,DOI_MATCH,100.0,9,10.5334/egems.284,NICHD; NIDA; NIDDK; NIMH,Priorities Wizard: Multisite Web-Based Primary Care Clinical Decision Support Improved Chronic Care Outcomes with High Use Rates and High Clinician  Satisfaction Rates.
2,E_IN_BOTH_SETS,4SECYYI8,testing,same DOI as validation paper I6GH9T7T - label leakage if classified blind in the corpus,VERIFIED,DOI_MATCH,100.0,9,10.3389/fonc.2022.835582,NIA,A Geriatric Assessment Intervention to Reduce Treatment Toxicity Among Older Adults With Advanced Lung Cancer: A Subgroup Analysis From a Cluster Randomized  Controlled Trial.
2,E_IN_BOTH_SETS,4SMC3YCR,testing,same DOI as validation paper WGQGTBTE - label leakage if classified blind in the corpus,VERIFIED,DOI_MATCH,100.0,20,10.1186/s13063-021-05899-x,NCATS; NIDDK,Dulce Digital-Me: protocol for a randomized controlled trial of an adaptive mHealth intervention for underserved Hispanics with diabetes.
2,E_IN_BOTH_SETS,4XYV8HZY,testing,same DOI as validation paper PVP9PWD9 - label leakage if classified blind in the corpus,VERIFIED,DOI_MATCH,100.0,11,10.1177/17407745231185055,NIA; NICHD; NLM,Assessing the representativeness of cluster randomized trials: Evidence from two large pragmatic trials in United States nursing homes.
2,E_IN_BOTH_SETS,5266YCKT,testing,same DOI as validation paper 9HBYKQR8 - label leakage if classified blind in the corpus,VERIFIED,DOI_MATCH,100.0,13,10.1001/jamanetworkopen.2018.1617,NIDDK,Long-term Outcomes of the Effects of Home Blood Pressure Telemonitoring and Pharmacist Management on Blood Pressure Among Adults With Uncontrolled  Hypertension: Follow-up of a Cluster Randomized Clinical Trial.
2,E_IN_BOTH_SETS,5G5828ED,testing,same DOI as validation paper RHQWSFTR - label leakage if classified blind in the corpus,VERIFIED,DOI_MATCH,100.0,22,10.1177/09622802231172026,NCATS,An overview of optimal designs under a given budget in cluster randomized trials with a binary outcome.
2,E_IN_BOTH_SETS,5M5EWTXL,testing,same DOI as validation paper MPJA6L2H - label leakage if classified blind in the corpus,VERIFIED,DOI_MATCH,93.3,13,10.1111/josh.12810,NCATS,Breakfast Is Brain Food? The Effect on Grade Point Average of a Rural Group Randomized Program to Promote School Breakfast.
2,E_IN_BOTH_SETS,5NR7NMK7,testing,same DOI as validation paper ILWWS7LD - label leakage if classified blind in the corpus,VERIFIED,DOI_MATCH,100.0,15,10.1186/s13063-023-07900-1,NIMH,The Transdiagnostic Intervention for Sleep and Circadian Dysfunction (TranS-C) for serious mental illness in community mental health part 3: study protocol to  evaluate sustainment in a hybrid type 2 effectiveness-implementation  cluster-randomized trial.
2,E_IN_BOTH_SETS,5SYFNTAR,testing,same DOI as validation paper YAIMEWET - label leakage if classified blind in the corpus,VERIFIED,DOI_MATCH,100.0,11,10.1186/s12913-022-07699-8,FIC,Network characteristics of a referral system for patients with hypertension in Western Kenya: results from the Strengthening Referral Networks for Management of  Hypertension Across the Health System (STRENGTHS) study.
2,E_IN_BOTH_SETS,5VYK75CC,testing,same DOI as validation paper 3MBN8DIA - label leakage if classified blind in the corpus,VERIFIED,DOI_MATCH,100.0,2,10.1080/24733938.2023.2190998,NIDDK,"Individually randomized trial mislabeled as a cluster-randomized trial. Comment on: ""Effectiveness of wearable technology to optimize youth soccer players'  off-training behaviour and training responses: a cluster-randomized trial""."
2,E_IN_BOTH_SETS,5WZNN3F5,testing,same DOI as validation paper 32LERLVS - label leakage if classified blind in the corpus,VERIFIED,DOI_MATCH,100.0,6,10.1186/s12913-019-4519-x,NIAID; NICHD,"Performance of family planning clinics in conducting recommended HIV counseling and testing in Mombasa County, Kenya: a cross-sectional study."
2,E_IN_BOTH_SETS,5XST2QLS,testing,same DOI as validation paper EBWFU9KS - label leakage if classified blind in the corpus,VERIFIED,DOI_MATCH,100.0,11,10.1111/josh.13448,NCATS; NICHD,Assessment of COVID-19 Messaging Strategies to Increase Testing for Students With Intellectual and Developmental Disabilities.
2,E_IN_BOTH_SETS,638GS4WW,testing,same DOI as validation paper 99MJ924A - label leakage if classified blind in the corpus,VERIFIED,DOI_MATCH,100.0,9,10.1002/cncr.32127,NIGMS; NIMH,"Prognostic accuracy of patients, caregivers, and oncologists in advanced cancer."
2,E_IN_BOTH_SETS,6A7TZZ7L,testing,same DOI as validation paper NCULGT7Q - label leakage if classified blind in the corpus,VERIFIED,DOI_MATCH,100.0,16,10.1371/journal.pone.0273228,FIC; NIA; NIAID,Acceptability and feasibility of mobile phone-based ecological momentary assessment and intervention in Uganda: A pilot randomized controlled trial.
2,E_IN_BOTH_SETS,6AUXHCLQ,testing,same DOI as validation paper J2XGTHGE - label leakage if classified blind in the corpus,VERIFIED,DOI_MATCH,100.0,10,10.1093/tbm/ibaa113,NIDDK,"Evaluating a child care-based social marketing approach for improving children's diet and physical activity: results from the Healthy Me, Healthy We  cluster-randomized controlled trial."
2,E_IN_BOTH_SETS,6SQ7YL4X,testing,same DOI as validation paper U4546RAU - label leakage if classified blind in the corpus,VERIFIED,DOI_MATCH,100.0,13,10.1289/ehp13225,FIC; NIEHS,Prenatal Household Air Pollution Exposure and Childhood Blood Pressure in Rural Ghana.
2,E_IN_BOTH_SETS,6TH7JZG3,testing,same DOI as validation paper BLWKH6C8 - label leakage if classified blind in the corpus,VERIFIED,DOI_MATCH,100.0,12,10.1186/s13012-021-01139-7,NIA; NIDA,Rationale and protocol for a cluster randomized pragmatic clinical trial testing behavioral economic implementation strategies to improve tobacco treatment rates  for cancer patients who smoke.
2,E_IN_BOTH_SETS,6W27JB54,testing,same DOI as validation paper 6XFGQN39 - label leakage if classified blind in the corpus,VERIFIED,DOI_MATCH,100.0,14,10.1186/s13063-020-04463-3,NCATS,Enhanced care planning and clinical-community linkages versus usual care to address basic needs of patients with multiple chronic conditions: a  clinician-level randomized controlled trial.
2,E_IN_BOTH_SETS,7A7DGTFA,testing,same DOI as validation paper 6XSR8DVR - label leakage if classified blind in the corpus,VERIFIED,DOI_MATCH,100.0,20,10.1097/ta.0000000000003551,NCATS,Prehospital low titer group O whole blood is feasible and safe: Results of a prospective randomized pilot trial.
2,E_IN_BOTH_SETS,7AKBUICC,testing,same DOI as validation paper GJGVIKMM - label leakage if classified blind in the corpus,VERIFIED,DOI_MATCH,100.0,9,10.1037/hea0000853,NIA,Intervening on fear after acute cardiac events: Rationale and design of the INFORM randomized clinical trial.
2,E_IN_BOTH_SETS,7CGAHFHD,testing,same DOI as validation paper S89CIJ46 - label leakage if classified blind in the corpus,VERIFIED,DOI_MATCH,100.0,8,10.3390/nu16060805,NCATS,Effect of a Multicomponent Food Pantry Intervention in Client Subgroups.
2,E_IN_BOTH_SETS,7D4LSQQL,testing,same DOI as validation paper WPF7MUCV - label leakage if classified blind in the corpus,VERIFIED,DOI_MATCH,100.0,2,10.1089/chi.2019.0142,NIDDK,Incorrect Analyses of Cluster-Randomized Trials that Do Not Take Clustering and Nesting into Account Likely Lead to p-Values that Are Too Small.
2,E_IN_BOTH_SETS,7FSI3RN9,testing,same DOI as validation paper E5W8I8AR - label leakage if classified blind in the corpus,VERIFIED,DOI_MATCH,100.0,12,10.1093/heapol/czad076,NIA,Can a private sector engagement intervention that prioritizes pro-poor strategies improve healthcare access and quality? A randomized field experiment in Kenya.
2,E_IN_BOTH_SETS,7HSKFB5R,testing,same DOI as validation paper UHLRHMGI - label leakage if classified blind in the corpus,VERIFIED,DOI_MATCH,100.0,25,10.1146/annurev-publhealth-060222-014438,NCATS; NIDA; NIMH,Adaptive Designs in Implementation Science and Practice: Their Promise and the Need for Greater Understanding and Improved Communication.
2,E_IN_BOTH_SETS,7I5NGZXB,testing,same DOI as validation paper 26LDPI8G - label leakage if classified blind in the corpus,VERIFIED,DOI_MATCH,100.0,11,10.1186/s13012-023-01322-y,NIAID; NICHD,"Results of a cluster randomized trial testing the Systems Analysis and Improvement Approach to increase cervical cancer screening in family planning  clinics in Mombasa County, Kenya."
2,E_IN_BOTH_SETS,7KFKZX8A,testing,same DOI as validation paper 9G7ZMMY3 - label leakage if classified blind in the corpus,VERIFIED,DOI_MATCH,100.0,10,10.1186/s12889-019-6443-8,NIDDK,A multilevel approach for promoting physical activity in rural communities: a cluster randomized controlled trial.
2,E_IN_BOTH_SETS,82SN3AXQ,testing,same DOI as validation paper YZ7GZ47B - label leakage if classified blind in the corpus,VERIFIED,DOI_MATCH,100.0,8,10.1177/0890117117696244,NIA; NICHD,"Effects of a Flexibility/Support Intervention on Work Performance: Evidence From the Work, Family, and Health Network."
2,E_IN_BOTH_SETS,82VGQ9L3,testing,same DOI as validation paper G4WN7HVX - label leakage if classified blind in the corpus,VERIFIED,DOI_MATCH,100.0,20,10.1016/j.jgo.2021.01.002,NIA,Poor patient health is associated with higher caregiver burden for older adults with advanced cancer.
2,E_IN_BOTH_SETS,88MUVGL7,testing,same DOI as validation paper Q2S96SJ9 - label leakage if classified blind in the corpus,VERIFIED,DOI_MATCH,100.0,12,10.1016/j.cct.2022.106884,NCATS,Strategies to improve the recruitment and retention of underserved children and families in clinical trials: A case example of a school-supervised asthma therapy  pilot.
2,E_IN_BOTH_SETS,8G9N5B5B,testing,same DOI as validation paper SUANA8ET - label leakage if classified blind in the corpus,VERIFIED,DOI_MATCH,100.0,12,10.1186/s13063-019-4027-7,NCCIH,Moderators of the effectiveness of an intervention to increase colorectal cancer screening through mailed fecal immunochemical test kits: results from a pragmatic  randomized trial.
2,E_IN_BOTH_SETS,8QE3UFRY,testing,same DOI as validation paper KDH4XJIC - label leakage if classified blind in the corpus,VERIFIED,DOI_MATCH,100.0,8,10.1186/s12882-020-02117-9,NIDDK,"Financial incentives versus standard of care to improve patient compliance with live kidney donor follow-up: protocol for a multi-center, parallel-group  randomized controlled trial."
2,E_IN_BOTH_SETS,8YQN99UA,testing,same DOI as validation paper YKCJ78UM - label leakage if classified blind in the corpus,VERIFIED,DOI_MATCH,100.0,11,10.1186/s13012-020-00988-y,NCATS,Study protocol: a cluster randomized trial to evaluate the effectiveness and implementation of onsite GeneXpert testing at community health centers in Uganda  (XPEL-TB).
2,E_IN_BOTH_SETS,96PZQHL7,testing,same DOI as validation paper 4HG9V6HL - label leakage if classified blind in the corpus,VERIFIED,DOI_MATCH,100.0,11,10.1007/s10865-021-00231-z,NIDDK,Psychological and behavioral pathways between perceived stress and weight change in a behavioral weight loss intervention.
2,E_IN_BOTH_SETS,96UKX43M,testing,same DOI as validation paper IDKFPWGH - label leakage if classified blind in the corpus,VERIFIED,DOI_MATCH,100.0,11,10.1007/s11121-019-01067-5,NCATS,A Cluster Randomized Trial of a Community-Based Intervention Among African-American Adults: Effects on Dietary and Physical Activity Outcomes.
2,E_IN_BOTH_SETS,9FSNPZT8,testing,same DOI as validation paper NQ4Y7FIA - label leakage if classified blind in the corpus,VERIFIED,DOI_MATCH,100.0,19,10.1037/ocp0000104,NIA; NICHD,Caring for the elderly at work and home: Can a randomized organizational intervention improve psychological health?
2,E_IN_BOTH_SETS,9KXCEXY4,testing,same DOI as validation paper 8R8U6VMX - label leakage if classified blind in the corpus,VERIFIED,DOI_MATCH,100.0,15,10.1016/j.amepre.2019.05.011,NIGMS,Cluster Randomized Trial for Hypertension Control: Effect on Lifestyles and Body Weight.
2,E_IN_BOTH_SETS,9RLPXJX2,testing,same DOI as validation paper MCKQDWYQ - label leakage if classified blind in the corpus,VERIFIED,DOI_MATCH,100.0,14,10.1188/20.onf.228-240,NIA,Racial Differences in Pain Management for Patients Receiving Hospice Care.
2,E_IN_BOTH_SETS,9T7P8H5G,testing,same DOI as validation paper EAJAKXKC - label leakage if classified blind in the corpus,VERIFIED,DOI_MATCH,100.0,15,10.1002/pon.4710,NCATS,The ecology of patient and caregiver participation in consultations involving advanced cancer.
2,E_IN_BOTH_SETS,ABTDMI8L,testing,same DOI as validation paper ASUUZY3Z - label leakage if classified blind in the corpus,VERIFIED,DOI_MATCH,100.0,22,10.1016/j.vaccine.2020.03.052,NIMHD,"HPV vaccine uptake among daughters of Latinx immigrant mothers: Findings from a cluster randomized controlled trial of a community-based, culturally relevant  intervention."
2,E_IN_BOTH_SETS,AD2GEB7Y,testing,same DOI as validation paper EEIQW8EX - label leakage if classified blind in the corpus,VERIFIED,DOI_MATCH,100.0,12,10.1001/jamainternmed.2020.0440,NIA,Effect of a Mammography Screening Decision Aid for Women 75 Years and Older: A Cluster Randomized Clinical Trial.
2,E_IN_BOTH_SETS,AL4NSSUI,testing,same DOI as validation paper UD8UUMUN - label leakage if classified blind in the corpus,VERIFIED,DOI_MATCH,100.0,12,10.3122/jabfm.2022.220391r2,NIDDK,Does Clinical Decision Support Increase Appropriate Medication Prescribing for Cardiovascular Risk Reduction?
2,E_IN_BOTH_SETS,BNN69THV,testing,same DOI as validation paper DCYTWR4N - label leakage if classified blind in the corpus,VERIFIED,DOI_MATCH,100.0,8,10.1007/s11606-020-06096-3,NIAID,Impact of Clinical Decision Support on Antibiotic Prescribing for Acute Respiratory Infections: a Cluster Randomized Implementation Trial.
2,E_IN_BOTH_SETS,BVLEIZ2H,testing,same DOI as validation paper URUAWZAY - label leakage if classified blind in the corpus,VERIFIED,DOI_MATCH,100.0,18,10.1097/pcc.0000000000003368,NICHD,Survival With Favorable Neurologic Outcome and Quality of Cardiopulmonary Resuscitation Following In-Hospital Cardiac Arrest in Children With Cardiac  Disease Compared With Noncardiac Disease.
2,E_IN_BOTH_SETS,C69ZCY8Y,testing,same DOI as validation paper FCXQJYSP - label leakage if classified blind in the corpus,VERIFIED,DOI_MATCH,100.0,5,10.1177/17407745231167123,NIMHD,Lessons learned from conducting the first cancer care delivery trial in the Alliance for Clinical Trials in Oncology (Alliance A191402CD).
2,E_IN_BOTH_SETS,CAYHBC44,testing,same DOI as validation paper YNAD85P3 - label leakage if classified blind in the corpus,VERIFIED,DOI_MATCH,100.0,7,10.1186/s13063-019-3284-9,NICHD,Use of a Geographic Information System to create treatment groups for group-randomized community trials: The Minnesota Heart Health Program.
2,E_IN_BOTH_SETS,CBXHYRH6,testing,same DOI as validation paper 8NC76BQP - label leakage if classified blind in the corpus,VERIFIED,DOI_MATCH,100.0,17,10.1111/jgs.15631,NCATS; NIA,Effect of Hospitalizations on Physical Activity Patterns in Mobility-Limited Older Adults.
2,E_IN_BOTH_SETS,CDNDDFVP,testing,same DOI as validation paper B9YG8GYQ - label leakage if classified blind in the corpus,VERIFIED,DOI_MATCH,100.0,16,10.3390/ijerph19095511,NIMHD; NINR,Sustainability via Active Garden Education: The Sustainability Action Plan Model and Process.
2,E_IN_BOTH_SETS,CEC5MDFZ,testing,same DOI as validation paper J4BU3EEE - label leakage if classified blind in the corpus,VERIFIED,DOI_MATCH,100.0,8,10.1177/0890117117699927,NINR,Leisure-Time Physical Activity and Characteristics of Social Network Support for Exercise Among Latinas.
2,E_IN_BOTH_SETS,CGFN57QZ,testing,same DOI as validation paper 8RFFGGMQ - label leakage if classified blind in the corpus,VERIFIED,DOI_MATCH,100.0,10,10.2105/ajph.2023.307413,NIA; NICHD,"Employee Cardiometabolic Risk Following a Cluster-Randomized Workplace Intervention From the Work, Family and Health Network, 2009-2013."
2,E_IN_BOTH_SETS,CLBTRHLY,testing,same DOI as validation paper A9KIMSNR - label leakage if classified blind in the corpus,VERIFIED,DOI_MATCH,100.0,10,10.1177/21501327211057643,NIDDK,Feasibility and Acceptability of a Type 2 Diabetes Prevention Intervention for Mothers and Children at a Federally Qualified Healthcare Center.
2,E_IN_BOTH_SETS,CLP2FY5Z,testing,same DOI as validation paper HA9IHJB6 - label leakage if classified blind in the corpus,VERIFIED,DOI_MATCH,100.0,8,10.1016/j.jpainsymman.2020.02.005,NIA,Associations of Caregiver-Oncologist Discordance in Prognostic Understanding With Caregiver-Reported Therapeutic Alliance and Anxiety.
2,E_IN_BOTH_SETS,CM3Z8D7D,testing,same DOI as validation paper DEKG3YAI - label leakage if classified blind in the corpus,VERIFIED,DOI_MATCH,100.0,17,10.1158/1055-9965.epi-17-1085,NCATS,A Group Randomized Trial to Reduce Obesity among Appalachian Church Members: The Walk by Faith Study.
2,E_IN_BOTH_SETS,CSI9YBL2,testing,same DOI as validation paper LGEECHQM - label leakage if classified blind in the corpus,VERIFIED,DOI_MATCH,100.0,25,10.1016/j.cct.2020.106162,NCATS,A mHealth intervention to preserve and promote ideal cardiovascular health in college students: Design and protocol of a cluster randomized controlled trial.
2,E_IN_BOTH_SETS,CZXHZ5F2,testing,same DOI as validation paper HFCRYZ8E - label leakage if classified blind in the corpus,VERIFIED,DOI_MATCH,100.0,9,10.1176/appi.ps.202000702,NIDDK; NIMH,Maintenance of Training Effects of Two Models for Implementing Evidence-Based Psychological Treatment.
2,E_IN_BOTH_SETS,DAWAUG53,testing,same DOI as validation paper WTLH8PPX - label leakage if classified blind in the corpus,VERIFIED,DOI_MATCH,100.0,20,10.1016/j.addbeh.2020.106726,NIDA,Implementation of a cluster randomized controlled trial: Identifying student peer leaders to lead E-cigarette interventions.
2,E_IN_BOTH_SETS,DCJKXL89,testing,same DOI as validation paper HI3CPFP8 - label leakage if classified blind in the corpus,VERIFIED,DOI_MATCH,100.0,10,10.1016/j.jgo.2019.12.011,NIA,Relationships of self-perceived age with geriatric assessment domains in older adults with cancer.
2,E_IN_BOTH_SETS,DH6IG7JY,testing,same DOI as validation paper HKJXZKTF - label leakage if classified blind in the corpus,VERIFIED,DOI_MATCH,100.0,11,10.1056/nejmoa1717250,NCATS,A Cluster-Randomized Trial of Blood-Pressure Reduction in Black Barbershops.
2,E_IN_BOTH_SETS,DVTPLYEC,testing,same DOI as validation paper ASTFEXJ3 - label leakage if classified blind in the corpus,VERIFIED,DOI_MATCH,100.0,9,10.18865/ed.decipher.18,NIA; NIDDK; NIMHD,Process of Engaging Community and Scientific Partners in the Development of the CIRCL-Chicago Study Protocol.
2,E_IN_BOTH_SETS,DZM6LTUC,testing,same DOI as validation paper 7MXH2IXG - label leakage if classified blind in the corpus,VERIFIED,DOI_MATCH,100.0,17,10.1002/pon.5895,NIA,The shared uncertainty experience of older adults with advanced cancer and their caregivers.
2,E_IN_BOTH_SETS,E2RXAAPX,testing,same DOI as validation paper CVNVFN8Y - label leakage if classified blind in the corpus,VERIFIED,DOI_MATCH,100.0,17,10.1097/qad.0000000000003099,NIAID; NICHD,Results of a cluster randomized trial testing the systems analysis and improvement approach to increase HIV testing in family planning clinics.
2,E_IN_BOTH_SETS,E3IREKY2,testing,same DOI as validation paper JSRXWSXE - label leakage if classified blind in the corpus,VERIFIED,DOI_MATCH,100.0,6,10.1016/j.conctc.2021.100808,NCATS,Addressing cancer survivors' cardiovascular health using the automated heart health assessment (AH-HA) EHR tool: Initial protocol and modifications to address  COVID-19 challenges.
2,E_IN_BOTH_SETS,EHWZJTW2,testing,same DOI as validation paper KSSYVX7X - label leakage if classified blind in the corpus,VERIFIED,DOI_MATCH,100.0,11,10.1002/jia2.26195,NIAID; NIMH,A community-based dynamic choice model for HIV prevention improves PrEP and PEP coverage in rural Uganda and Kenya: a cluster randomized trial.
2,E_IN_BOTH_SETS,EMLAU9R2,testing,same DOI as validation paper 4TRC3UDD - label leakage if classified blind in the corpus,VERIFIED,DOI_MATCH,100.0,20,10.1186/s13063-022-06581-6,NIDDK,Improving diabetic patients' adherence to treatment and prevention of cardiovascular disease (Office Guidelines Applied to Practice-IMPACT Study)-a  cluster randomized controlled effectiveness trial.
2,E_IN_BOTH_SETS,EMQMPLJ5,testing,same DOI as validation paper G78NBYUH - label leakage if classified blind in the corpus,VERIFIED,DOI_MATCH,100.0,14,10.1186/s13012-019-0916-0,NCATS; NIAID; NIDDK,Disseminating and implementing a lifestyle-based healthy weight program for mothers in a national organization: a study protocol for a cluster randomized  trial.
2,E_IN_BOTH_SETS,ENWUMAJ6,testing,same DOI as validation paper Y9EY4XQ8 - label leakage if classified blind in the corpus,VERIFIED,DOI_MATCH,100.0,18,10.1016/j.ahj.2022.10.003,NIMHD,"Reducing ethnic and racial disparities by improving undertreatment, control, and engagement in blood pressure management with health information technology  (REDUCE-BP) hybrid effectiveness-implementation pragmatic trial: Rationale and  design."
2,E_IN_BOTH_SETS,EXEBP353,testing,same DOI as validation paper 9J2SL67D - label leakage if classified blind in the corpus,VERIFIED,DOI_MATCH,100.0,14,10.1186/s13063-020-04917-8,FIC,Conquering hypertension in Vietnam-solutions at grassroots level: study protocol of a cluster randomized controlled trial.
2,E_IN_BOTH_SETS,FCNX4CVT,testing,same DOI as validation paper IWSKLNSK - label leakage if classified blind in the corpus,VERIFIED,DOI_MATCH,100.0,23,10.1016/j.drugalcdep.2023.109873,NIDA,A randomized clinical trial testing two implementation strategies to promote the treatment of tobacco dependence in community mental healthcare.
2,E_IN_BOTH_SETS,FP3HZHGS,testing,same DOI as validation paper TZF282NC - label leakage if classified blind in the corpus,VERIFIED,DOI_MATCH,100.0,11,10.1370/afm.2179,NIAID,Use of Asthma APGAR Tools in Primary Care Practices: A Cluster-Randomized Controlled Trial.
2,E_IN_BOTH_SETS,FUFP3JNL,testing,same DOI as validation paper L2VHUDMD - label leakage if classified blind in the corpus,VERIFIED,DOI_MATCH,100.0,9,10.1370/afm.2352,NIDDK,Visit Planning Using a Waiting Room Health IT Tool: The Aligning Patients and Providers Randomized Controlled Trial.
2,E_IN_BOTH_SETS,GE5YUEC5,testing,same DOI as validation paper C69UAKKB - label leakage if classified blind in the corpus,VERIFIED,DOI_MATCH,100.0,30,10.1016/j.cct.2021.106519,NIA; NIDDK; NIMHD; NINDS,Using increased trust in medical researchers to increase minority recruitment: The RECRUIT cluster randomized clinical trial.
2,E_IN_BOTH_SETS,GI25UXDR,testing,same DOI as validation paper IXGWRWKV - label leakage if classified blind in the corpus,VERIFIED,DOI_MATCH,100.0,16,10.1186/s13012-022-01242-3,NIAID; NICHD,"Assessing the sustainability of the Systems Analysis and Improvement Approach to increase HIV testing in family planning clinics in Mombasa, Kenya: results of a  cluster randomized trial."
2,E_IN_BOTH_SETS,GZB2QRQN,testing,same DOI as validation paper FPX2G3LA - label leakage if classified blind in the corpus,VERIFIED,DOI_MATCH,100.0,10,10.1136/bmjgh-2023-013282,FIC; NIDA; NIEHS,Examining local smoke-free coalitions in Armenia and Georgia: context and outcomes of a matched-pairs community-randomised controlled trial.
2,E_IN_BOTH_SETS,H2EMVC97,testing,same DOI as validation paper GYRIVJLS - label leakage if classified blind in the corpus,VERIFIED,DOI_MATCH,100.0,11,10.1186/s13063-023-07863-3,NCATS,Robotic versus Electromagnetic bronchoscopy for pulmonary LesIon AssessmeNT: the RELIANT pragmatic randomized trial.
2,E_IN_BOTH_SETS,HA58JB25,testing,same DOI as validation paper U9LEIXXF - label leakage if classified blind in the corpus,VERIFIED,DOI_MATCH,100.0,13,10.1001/jamanetworkopen.2020.24596,NCATS,Clinical Effects of Balanced Crystalloids vs Saline in Adults With Diabetic Ketoacidosis: A Subgroup Analysis of Cluster Randomized Clinical Trials.
2,E_IN_BOTH_SETS,HNTHNNPQ,testing,same DOI as validation paper YCFJFHMC - label leakage if classified blind in the corpus,VERIFIED,DOI_MATCH,96.0,17,10.1016/j.jand.2019.09.018,NIDDK,Contributions of Early Care and Education Programs to Diet Quality in Children Aged 3 to 4 Years in Central North Carolina.
2,E_IN_BOTH_SETS,HPMCVUYQ,testing,same DOI as validation paper FZB8IQSZ - label leakage if classified blind in the corpus,VERIFIED,DOI_MATCH,100.0,8,10.1016/j.jval.2018.06.003,NIGMS,Cost-Effectiveness of a Comprehensive Approach for Hypertension Control in Low-Income Settings in Argentina: Trial-Based Analysis of the Hypertension  Control Program in Argentina.
2,E_IN_BOTH_SETS,I7FXIK32,testing,same DOI as validation paper F9X8Z6SZ - label leakage if classified blind in the corpus,VERIFIED,DOI_MATCH,100.0,18,10.1016/j.cct.2023.107266,NCATS,Increasing the adoption of evidence-based communication practices for HPV vaccination in primary care clinics: The HPV ECHO study protocol for a cluster  randomized controlled trial.
2,E_IN_BOTH_SETS,I7LYX39I,testing,same DOI as validation paper EH85EJ36 - label leakage if classified blind in the corpus,VERIFIED,DOI_MATCH,100.0,19,10.1016/j.numecd.2020.06.005,NIMHD,Reducing metabolic syndrome through a community-based lifestyle intervention in African American women.
2,E_IN_BOTH_SETS,I9DQXR3E,testing,same DOI as validation paper 5KIH2CZ8 - label leakage if classified blind in the corpus,VERIFIED,DOI_MATCH,100.0,13,10.1186/s43058-020-00009-5,NIDA; NIMH,Improving the implementation and sustainment of evidence-based practices in community mental health organizations: a study protocol for a matched-pair  cluster randomized pilot study of the Collaborative Organizational Approach to  Selecting and Tailoring Implementation Strategies (COAST-IS).
2,E_IN_BOTH_SETS,IA8B39HJ,testing,same DOI as validation paper SFJI363E - label leakage if classified blind in the corpus,VERIFIED,DOI_MATCH,100.0,10,10.1016/j.clnesp.2023.04.020,NIDDK,The impact of avocado intake on anthropometric measures among Hispanic/Latino children and adolescents: A cluster randomized controlled trial.
2,E_IN_BOTH_SETS,IG5YG7VB,testing,same DOI as validation paper FGGJHPQ8 - label leakage if classified blind in the corpus,VERIFIED,DOI_MATCH,100.0,18,10.1200/jco.22.00738,NIA,Effects of a Geriatric Assessment Intervention on Patient-Reported Symptomatic Toxicity in Older Adults With Advanced Cancer.
2,E_IN_BOTH_SETS,IIM5LTHQ,testing,same DOI as validation paper 2BDG7GVP - label leakage if classified blind in the corpus,VERIFIED,DOI_MATCH,100.0,17,10.1016/j.jand.2018.12.007,NCATS,A Group Randomized Intervention Trial Increases Participation in the School Breakfast Program in 16 Rural High Schools in Minnesota.
2,E_IN_BOTH_SETS,IQDL72X9,testing,same DOI as validation paper 4ME98BI9 - label leakage if classified blind in the corpus,VERIFIED,DOI_MATCH,100.0,4,10.1093/ije/dyaa037,NCATS; NCCIH; NIDA,Commentary: Right truncation in cluster randomized trials can attenuate the power of a marginal analysis.
2,E_IN_BOTH_SETS,IW36FQM9,testing,same DOI as validation paper GK558E5R - label leakage if classified blind in the corpus,VERIFIED,DOI_MATCH,100.0,22,10.1371/journal.pntd.0012157,NIAID; NIDDK; NIGMS,Influence of hydrometeorological risk factors on child diarrhea and enteropathogens in rural Bangladesh.
2,E_IN_BOTH_SETS,J6N8MZHS,testing,same DOI as validation paper F4KF42R4 - label leakage if classified blind in the corpus,VERIFIED,DOI_MATCH,100.0,12,10.1200/jco.23.00355,NIDA,Cluster Randomized Pragmatic Clinical Trial Testing Behavioral Economic Implementation Strategies to Improve Tobacco Treatment for Patients With Cancer  Who Smoke.
2,E_IN_BOTH_SETS,JKT92VFB,testing,same DOI as validation paper FI4T6J44 - label leakage if classified blind in the corpus,VERIFIED,DOI_MATCH,100.0,15,10.1016/j.diabres.2018.09.016,FIC; NIDDK,Cost-effectiveness of a faith-based lifestyle intervention for diabetes prevention among African Americans: A within-trial analysis.
2,E_IN_BOTH_SETS,JNM3WPH3,testing,same DOI as validation paper T3W2WZCX - label leakage if classified blind in the corpus,VERIFIED,DOI_MATCH,100.0,14,10.1186/s13063-021-05938-7,NIA,Social Mobile Approaches to Reducing Weight (SMART) 2.0: protocol of a randomized controlled trial among young adults in university settings.
2,E_IN_BOTH_SETS,JSTTSB8E,testing,same DOI as validation paper DFJE8ALD - label leakage if classified blind in the corpus,VERIFIED,DOI_MATCH,100.0,10,10.1186/s12966-022-01329-6,NIMHD,Two-year outcomes of Faith in Action/Fe en Acción: a randomized controlled trial of physical activity promotion in Latinas.
2,E_IN_BOTH_SETS,K3SDIB4E,testing,same DOI as validation paper WZJBF75Y - label leakage if classified blind in the corpus,VERIFIED,DOI_MATCH,100.0,14,10.1186/s43058-022-00307-0,NIDDK; NIGMS,"Implementation fidelity, attitudes, and influence: a novel approach to classifying implementer behavior."
2,E_IN_BOTH_SETS,K6ICH5QI,testing,same DOI as validation paper C9R7RUUN - label leakage if classified blind in the corpus,VERIFIED,DOI_MATCH,100.0,10,10.1177/17407745231222018,NCATS; NIA,Hierarchical Bayesian modeling of heterogeneous outcome variance in cluster randomized trials.
2,E_IN_BOTH_SETS,KCFTBNXD,testing,same DOI as validation paper P3KQJM4H - label leakage if classified blind in the corpus,VERIFIED,DOI_MATCH,100.0,3,10.2196/54090,NIDDK; NIGMS,Ambiguity in Statistical Analysis Methods and Nonconformity With Prespecified Commitment to Data Sharing in a Cluster Randomized Controlled Trial.
2,E_IN_BOTH_SETS,KHHFUXBI,testing,same DOI as validation paper 8NX9CDB5 - label leakage if classified blind in the corpus,VERIFIED,DOI_MATCH,100.0,30,10.1016/j.cct.2021.106448,NCATS,"The Head and Neck Survivorship Tool (HN-STAR) Trial (WF-1805CD): A protocol for a cluster-randomized, hybrid effectiveness-implementation, pragmatic trial to  improve the follow-up care of head and neck cancer survivors."
2,E_IN_BOTH_SETS,KVYE5RWF,testing,same DOI as validation paper NESLQUNP - label leakage if classified blind in the corpus,VERIFIED,DOI_MATCH,100.0,17,10.1056/nejmoa1711584,NCATS; NIA; NIGMS,Balanced Crystalloids versus Saline in Critically Ill Adults.
2,E_IN_BOTH_SETS,L9QQZC55,testing,same DOI as validation paper FHVQQIX3 - label leakage if classified blind in the corpus,VERIFIED,DOI_MATCH,100.0,27,10.1016/j.ahj.2022.01.009,NCATS; NIMHD,"Community-based, cluster-randomized pilot trial of a cardiovascular mHealth intervention: Rationale, design, and baseline findings of the FAITH! Trial."
2,E_IN_BOTH_SETS,LGP8N6G6,testing,same DOI as validation paper WCA66X4I - label leakage if classified blind in the corpus,VERIFIED,DOI_MATCH,100.0,33,10.1016/j.cct.2021.106271,NIDDK,Design and rationale of an intervention to improve cancer prevention using clinical decision support and shared decision making: A clinic-randomized trial.
2,E_IN_BOTH_SETS,LHEJ2FX5,testing,same DOI as validation paper IASMJG49 - label leakage if classified blind in the corpus,VERIFIED,DOI_MATCH,100.0,11,10.1186/s12875-023-02186-3,NIEHS,Adapting and implementing breast cancer follow-up in primary care: protocol for a mixed methods hybrid type 1 effectiveness-implementation cluster randomized  study.
2,E_IN_BOTH_SETS,LNHMBK89,testing,same DOI as validation paper 677HVIFJ - label leakage if classified blind in the corpus,VERIFIED,DOI_MATCH,100.0,10,10.1002/cncr.34062,NIMHD,Decision aids for localized prostate cancer in diverse minority men: Primary outcome results from a multicenter cancer care delivery trial (Alliance  A191402CD).
2,E_IN_BOTH_SETS,LNJRE9FB,testing,same DOI as validation paper Y5J6YZK2 - label leakage if classified blind in the corpus,VERIFIED,DOI_MATCH,100.0,9,10.1093/tbm/ibad018,NCATS; NIDDK,Engaging diverse midlife and older adults in a multilevel participatory physical activity intervention: evaluating impacts using Ripple Effects Mapping.
2,E_IN_BOTH_SETS,LTKIP9MK,testing,same DOI as validation paper CWWSSM8V - label leakage if classified blind in the corpus,VERIFIED,DOI_MATCH,100.0,10,10.1016/j.jacc.2019.08.003,NIAID,Community Health Workers Improve Linkage to Hypertension Care in Western Kenya.
2,E_IN_BOTH_SETS,LWBEKQXY,testing,same DOI as validation paper PKIN6R35 - label leakage if classified blind in the corpus,VERIFIED,DOI_MATCH,100.0,10,10.1513/annalsats.201912-872oc,NCATS,Association of Race and Ethnicity with Sedation Management in Pediatric Intensive Care.
2,E_IN_BOTH_SETS,M3IMKTAR,testing,same DOI as validation paper ZFMGD92P - label leakage if classified blind in the corpus,VERIFIED,DOI_MATCH,100.0,8,10.1186/s12992-018-0342-0,NIA,"A qualitative evaluation of a simplified cardiovascular management program in Tibet, China."
2,E_IN_BOTH_SETS,M46JBV2K,testing,same DOI as validation paper BZHD4F63 - label leakage if classified blind in the corpus,VERIFIED,DOI_MATCH,100.0,18,10.1002/cncr.33184,NCATS,Health-related quality of life outcomes for the LEAP study-CALGB 70305 (Alliance): A lymphedema prevention intervention trial for newly diagnosed breast  cancer patients.
2,E_IN_BOTH_SETS,MEWCCWRY,testing,same DOI as validation paper 8MGIPU3P - label leakage if classified blind in the corpus,VERIFIED,DOI_MATCH,100.0,12,10.1016/j.cct.2021.106510,NCATS; NIAID,Incorporating systems-level stakeholder perspectives into the clinical trial design of school-supervised asthma therapy.
2,E_IN_BOTH_SETS,ML28EFGN,testing,same DOI as validation paper 2RDD8DGI - label leakage if classified blind in the corpus,VERIFIED,DOI_MATCH,100.0,8,10.1001/jamainternmed.2018.5713,NIGMS,Efficacy of Mobile Phone-Delivered Smoking Cessation Interventions for Socioeconomically Disadvantaged Individuals: A Randomized Clinical Trial.
2,E_IN_BOTH_SETS,MNPPUABA,testing,same DOI as validation paper I7VKXNIC - label leakage if classified blind in the corpus,VERIFIED,DOI_MATCH,100.0,12,10.1097/hco.0000000000000674,NCATS,Sustainability of blood pressure reduction in black barbershops.
2,E_IN_BOTH_SETS,MVQ6WUBN,testing,same DOI as validation paper 7EFQI5V4 - label leakage if classified blind in the corpus,VERIFIED,DOI_MATCH,100.0,12,10.1186/s43058-022-00342-x,NIAID; NICHD,Qualitative evaluation of the Systems Analysis and Improvement Approach as a strategy to increase HIV testing in family planning clinics using the  Consolidated Framework for Implementation Research and the Implementation  Outcomes Framework.
2,E_IN_BOTH_SETS,N35XJ5YV,testing,same DOI as validation paper YHKIB4RS - label leakage if classified blind in the corpus,VERIFIED,DOI_MATCH,100.0,19,10.1056/nejmoa2208415,NCATS,Oxygen-Saturation Targets for Critically Ill Adults Receiving Mechanical Ventilation.
2,E_IN_BOTH_SETS,N6Z88UT5,testing,same DOI as validation paper GIHWCXEH - label leakage if classified blind in the corpus,VERIFIED,DOI_MATCH,100.0,9,10.1177/02692163231214422,NIA,Hope and illness expectations: A cross-sectional study in patients with advanced cancer.
2,E_IN_BOTH_SETS,N96FALII,testing,same DOI as validation paper IR9N2LY8 - label leakage if classified blind in the corpus,VERIFIED,DOI_MATCH,100.0,12,10.1038/s41467-024-47896-z,NIAID,"A cluster-randomized trial of water, sanitation, handwashing and nutritional interventions on stress and epigenetic programming."
2,E_IN_BOTH_SETS,NAA22RTH,testing,same DOI as validation paper WUNIU4CC - label leakage if classified blind in the corpus,VERIFIED,DOI_MATCH,100.0,9,10.1093/cid/ciac920,NIAID,Household- Versus Incentive-Based Contact Investigation for Tuberculosis in Rural South Africa: A Cluster-Randomized Trial.
2,E_IN_BOTH_SETS,NPU43H6S,testing,same DOI as validation paper BNPVWAIY - label leakage if classified blind in the corpus,VERIFIED,DOI_MATCH,100.0,15,10.1186/s13012-019-0949-4,NIDDK; NIMH,The impact of basic vs. enhanced Go NAPSACC on child care centers' healthy eating and physical activity practices: protocol for a type 3 hybrid  effectiveness-implementation cluster-randomized trial.
2,E_IN_BOTH_SETS,NQSS6ZME,testing,same DOI as validation paper W75ICDYI - label leakage if classified blind in the corpus,VERIFIED,DOI_MATCH,100.0,7,10.1002/cncr.32188,NIA; NIGMS,Association between advanced cancer patient-caregiver agreement regarding prognosis and hospice enrollment.
2,E_IN_BOTH_SETS,NRBW33RG,testing,same DOI as validation paper XEKC6EFN - label leakage if classified blind in the corpus,VERIFIED,DOI_MATCH,100.0,23,10.1161/circulationaha.117.030617,NCATS; NIA,Reversing the Cardiac Effects of Sedentary Aging in Middle Age-A Randomized Controlled Trial: Implications For Heart Failure Prevention.
2,E_IN_BOTH_SETS,PALJMQS6,testing,same DOI as validation paper XA8RYYSR - label leakage if classified blind in the corpus,VERIFIED,DOI_MATCH,100.0,13,10.5888/pcd17.190353,NCATS,A Cluster Randomized Controlled Trial of a Lay Health Worker Intervention to Increase Healthy Eating and Physical Activity Among Vietnamese Americans.
2,E_IN_BOTH_SETS,PDUGS7DP,testing,same DOI as validation paper IT2B87LL - label leakage if classified blind in the corpus,VERIFIED,DOI_MATCH,100.0,15,10.1186/s13722-022-00295-5,NCATS,"A cluster randomized controlled trial for a multi-level, clinic-based smoking cessation program with women in Appalachian communities: study protocol for the  ""Break Free"" program."
2,E_IN_BOTH_SETS,PIQT5A3I,testing,same DOI as validation paper TEXLFQSL - label leakage if classified blind in the corpus,VERIFIED,DOI_MATCH,100.0,17,10.1001/jamanetworkopen.2023.49666,NIMHD,Mobile Application-Based Communication Facilitation Platform for Family Members of Critically Ill Patients: A Randomized Clinical Trial.
2,E_IN_BOTH_SETS,PX36RSR8,testing,same DOI as validation paper SJVU6KJ3 - label leakage if classified blind in the corpus,VERIFIED,DOI_MATCH,100.0,13,10.1200/op.21.00573,NIA,"Effects of an Oncology Nurse-Led, Primary Palliative Care Intervention (CONNECT) on Illness Expectations Among Patients With Advanced Cancer."
2,E_IN_BOTH_SETS,Q472RUI9,testing,same DOI as validation paper QGRTXZZH - label leakage if classified blind in the corpus,VERIFIED,DOI_MATCH,100.0,10,10.1002/cncr.31134,NIMHD,Efficacy of a community-based participatory and multilevel intervention to enhance hepatitis B virus screening and vaccination in underserved Korean  Americans.
2,E_IN_BOTH_SETS,Q9B3JIJ2,testing,same DOI as validation paper ZC3442HS - label leakage if classified blind in the corpus,VERIFIED,DOI_MATCH,100.0,11,10.1007/s10461-020-03117-4,NIAID; NIMH,"TransPrEP: Results from the Pilot Study of a Social Network-Based Intervention to Support PrEP Adherence Among Transgender Women in Lima, Peru."
2,E_IN_BOTH_SETS,QSSAN7UI,testing,same DOI as validation paper ABV8X64G - label leakage if classified blind in the corpus,VERIFIED,DOI_MATCH,100.0,23,10.1016/j.jand.2018.04.011,NCATS; NIA,"Impact of the Out-of-School Nutrition and Physical Activity (OSNAP) Group Randomized Controlled Trial on Children's Food, Beverage, and Calorie Consumption  among Snacks Served."
2,E_IN_BOTH_SETS,QWHPR7PA,testing,same DOI as validation paper 2LUUC2WH - label leakage if classified blind in the corpus,VERIFIED,DOI_MATCH,100.0,18,10.1016/j.addbeh.2017.10.023,NIDA,The impact of a brief cessation induction intervention for waterpipe tobacco smoking: A pilot randomized clinical trial.
2,E_IN_BOTH_SETS,QXN2CHIB,testing,same DOI as validation paper E8BGTQDI - label leakage if classified blind in the corpus,VERIFIED,DOI_MATCH,100.0,20,10.1016/j.cct.2018.07.004,NICHD,"Design and rationale of the ""Sedation strategy and cognitive outcome after critical illness in early childhood"" study."
2,E_IN_BOTH_SETS,RPDUHJVP,testing,same DOI as validation paper Z6DJN9CQ - label leakage if classified blind in the corpus,VERIFIED,DOI_MATCH,100.0,10,10.1016/j.jpainsymman.2021.07.032,NIA; NINR,Completion of Patient-Reported Outcome Questionnaires Among Older Adults with Advanced Cancer.
2,E_IN_BOTH_SETS,RVGHTCUQ,testing,same DOI as validation paper FDVX9XTR - label leakage if classified blind in the corpus,VERIFIED,DOI_MATCH,100.0,17,10.1016/j.jen.2021.05.007,NIA; NIEHS,System Level Informatics to Improve Triage Practices for Sickle Cell Disease Vaso-Occlusive Crisis: A Cluster Randomized Controlled Trial.
2,E_IN_BOTH_SETS,RXFQY4XC,testing,same DOI as validation paper 6EI22ZER - label leakage if classified blind in the corpus,VERIFIED,DOI_MATCH,100.0,31,10.1016/j.cct.2021.106526,NIBIB,"Testing the effectiveness of community-engaged citizen science to promote physical activity, foster healthier neighborhood environments, and advance health  equity in vulnerable communities: The Steps for Change randomized controlled  trial design and methods."
2,E_IN_BOTH_SETS,S3NDM3VQ,testing,same DOI as validation paper E2MNEMB8 - label leakage if classified blind in the corpus,VERIFIED,DOI_MATCH,100.0,20,10.1161/circulationaha.118.038165,NCATS,Sustainability of Blood Pressure Reduction in Black Barbershops.
2,E_IN_BOTH_SETS,S7RT34HI,testing,same DOI as validation paper WKMKUPTU - label leakage if classified blind in the corpus,VERIFIED,DOI_MATCH,100.0,9,10.1093/ntr/nty239,NIDA,A Cluster-Randomized Clinical Trial Testing the Effectiveness of the Addressing Tobacco Through Organizational Change Model for Improving the Treatment of  Tobacco Use in Community Mental Health Care: Preliminary Study Feasibility and  Baseline Findings.
2,E_IN_BOTH_SETS,S8AWREET,testing,same DOI as validation paper YQC5A963 - label leakage if classified blind in the corpus,VERIFIED,DOI_MATCH,100.0,16,10.1186/s13012-024-01349-9,FIC; NIDA; NIMH,Comparative effectiveness of implementation strategies for Accelerating Cervical Cancer Elimination through the integration of Screen-and-treat Services (ACCESS  study): protocol for a cluster randomized hybrid type III trial in Nigeria.
2,E_IN_BOTH_SETS,SCUD3NQX,testing,same DOI as validation paper LNWR884A - label leakage if classified blind in the corpus,VERIFIED,DOI_MATCH,100.0,11,10.1186/s13012-024-01340-4,NIDDK,Action planning for building public health program sustainability: results from a group-randomized trial.
2,E_IN_BOTH_SETS,SGEDS55Q,testing,same DOI as validation paper 85UJCVKA - label leakage if classified blind in the corpus,VERIFIED,DOI_MATCH,100.0,17,10.1016/j.contraception.2024.110447,NCATS; NIGMS,"Association of perinatal depression and postpartum contraception intent, choice, and actual use."
2,E_IN_BOTH_SETS,SHZWCASA,testing,same DOI as validation paper LU33978L - label leakage if classified blind in the corpus,VERIFIED,DOI_MATCH,100.0,11,10.1016/j.jacc.2019.07.058,NCATS; NIA,Improving Communication in Heart Failure Patient Care.
2,E_IN_BOTH_SETS,SLL6D8W7,testing,same DOI as validation paper BAABE7JM - label leakage if classified blind in the corpus,VERIFIED,DOI_MATCH,100.0,9,10.1186/s12885-018-4672-3,NCATS; NIMHD,"The comparative effectiveness of decision aids in diverse populations with early stage prostate cancer: a study protocol for a cluster-randomized controlled trial  in the NCI Community Oncology Research Program (NCORP), Alliance A191402CD."
2,E_IN_BOTH_SETS,SSNM9DRD,testing,same DOI as validation paper ZVIZFQCJ - label leakage if classified blind in the corpus,VERIFIED,DOI_MATCH,100.0,22,10.1016/j.resuscitation.2023.109939,NICHD,Association of CPR simulation program characteristics with simulated and actual performance during paediatric in-hospital cardiac arrest.
2,E_IN_BOTH_SETS,STH5NWUN,testing,same DOI as validation paper JMLTZFI8 - label leakage if classified blind in the corpus,VERIFIED,DOI_MATCH,100.0,12,10.1016/j.jand.2018.04.010,NIDDK; NINR,"A Cluster-Randomized Trial of a Mobile Produce Market Program in 12 Communities in North Carolina: Program Development, Methods, and Baseline Characteristics."
2,E_IN_BOTH_SETS,T5IM4AH3,testing,same DOI as validation paper 7M6ST2JQ - label leakage if classified blind in the corpus,VERIFIED,DOI_MATCH,100.0,14,10.1080/02770903.2020.1856869,NIEHS,Effect of the School-Based Asthma Care for Teens (SB-ACT) program on asthma morbidity: a 3-arm randomized controlled trial.
2,E_IN_BOTH_SETS,TCS56FZY,testing,same DOI as validation paper KQHQ9KMW - label leakage if classified blind in the corpus,VERIFIED,DOI_MATCH,100.0,9,10.1001/jamapsychiatry.2019.3483,NIDDK; NIMH,Training Models for Implementing Evidence-Based Psychological Treatment: A Cluster-Randomized Trial in College Counseling Centers.
2,E_IN_BOTH_SETS,TDLGKW2I,testing,same DOI as validation paper L3XSIHDW - label leakage if classified blind in the corpus,VERIFIED,DOI_MATCH,100.0,16,10.1016/j.ahj.2022.12.016,NCATS,Design and pilot implementation for the BETTER CARE-HF trial: A pragmatic cluster-randomized controlled trial comparing two targeted approaches to  ambulatory clinical decision support for cardiologists.
2,E_IN_BOTH_SETS,TEFXU38J,testing,same DOI as validation paper UPVYYFVQ - label leakage if classified blind in the corpus,VERIFIED,DOI_MATCH,100.0,39,10.3390/nu13114021,NIDDK,Effects of Different Allotments of Avocados on the Nutritional Status of Families: A Cluster Randomized Controlled Trial.
2,E_IN_BOTH_SETS,TJJRPERK,testing,same DOI as validation paper BWAGKCVT - label leakage if classified blind in the corpus,VERIFIED,DOI_MATCH,100.0,9,10.1186/s13012-019-0903-5,NCATS; NCCIH,Using a continuum of hybrid effectiveness-implementation studies to put research-tested colorectal screening interventions into practice.
2,E_IN_BOTH_SETS,TLXU4MVQ,testing,same DOI as validation paper R7T6WKEW - label leakage if classified blind in the corpus,VERIFIED,DOI_MATCH,100.0,12,10.1016/j.jgo.2022.03.001,NIA,"Protocol paper: Multi-site, cluster-randomized clinical trial for optimizing functional outcomes of older cancer survivors after chemotherapy."
2,E_IN_BOTH_SETS,TSYDUWJK,testing,same DOI as validation paper NFIAY6NV - label leakage if classified blind in the corpus,VERIFIED,DOI_MATCH,100.0,14,10.1002/cncr.33857,NIA,Effects by educational attainment of a mammography screening patient decision aid for women aged 75 years and older.
2,E_IN_BOTH_SETS,TWYU2VCY,testing,same DOI as validation paper 9LTSBSEE - label leakage if classified blind in the corpus,VERIFIED,DOI_MATCH,100.0,10,10.1001/jamapediatrics.2021.0766,NCATS,Effect of Training Pediatric Clinicians in Human Papillomavirus Communication Strategies on Human Papillomavirus Vaccination Rates: A Cluster Randomized  Clinical Trial.
2,E_IN_BOTH_SETS,TXGVITEJ,testing,same DOI as validation paper RUYVCGHY - label leakage if classified blind in the corpus,VERIFIED,DOI_MATCH,100.0,10,10.2215/cjn.12300720,NCATS; NIDDK,Targeting Sedentary Behavior in CKD: A Pilot and Feasibility Randomized Controlled Trial.
2,E_IN_BOTH_SETS,TZAGY4NU,testing,same DOI as validation paper DJE2PNQA - label leakage if classified blind in the corpus,VERIFIED,DOI_MATCH,100.0,18,10.1002/cncr.33183,NCATS,A randomized study to prevent lymphedema in women treated for breast cancer: CALGB 70305 (Alliance).
2,E_IN_BOTH_SETS,TZZP2GMX,testing,same DOI as validation paper X9X3VGJK - label leakage if classified blind in the corpus,VERIFIED,DOI_MATCH,100.0,17,10.1016/j.ypmed.2019.01.014,NCCIH,A cost-effectiveness analysis of a colorectal cancer screening program in safety net clinics.
2,E_IN_BOTH_SETS,UIDUTSZL,testing,same DOI as validation paper M8CXW6PU - label leakage if classified blind in the corpus,VERIFIED,DOI_MATCH,100.0,20,10.1016/j.japh.2023.08.014,NCATS,Clinical and economic effectiveness of a pharmacy and primary care collaborative transition of care program.
2,E_IN_BOTH_SETS,UJ9UUMG8,testing,same DOI as validation paper 4B9BMDV7 - label leakage if classified blind in the corpus,VERIFIED,DOI_MATCH,100.0,13,10.1001/jamanetworkopen.2020.15633,NICHD; NIDDK; NIMH,Effectiveness of a Digital Cognitive Behavior Therapy-Guided Self-Help Intervention for Eating Disorders in College Women: A Cluster Randomized Clinical  Trial.
2,E_IN_BOTH_SETS,UN3SHL78,testing,same DOI as validation paper ALFCPWRB - label leakage if classified blind in the corpus,VERIFIED,DOI_MATCH,100.0,8,10.1002/onco.13699,NIA,"Caregiver-Oncologist Prognostic Concordance, Caregiver Mastery, and Caregiver Psychological Health and Quality of Life."
2,E_IN_BOTH_SETS,V4D33GKD,testing,same DOI as validation paper HBD3Y6S2 - label leakage if classified blind in the corpus,VERIFIED,DOI_MATCH,100.0,18,10.1001/jamanetworkopen.2020.25810,NIA; NIEHS,Assessment of Financial Toxicity Among Older Adults With Advanced Cancer.
2,E_IN_BOTH_SETS,V4IJ9JW5,testing,same DOI as validation paper S7VJ7LXE - label leakage if classified blind in the corpus,VERIFIED,DOI_MATCH,100.0,8,10.1016/j.jgo.2023.101687,NIA,Decreasing polypharmacy in older adults with cancer: A pilot cluster-randomized trial protocol.
2,E_IN_BOTH_SETS,VDTZHUI6,testing,same DOI as validation paper GVSXRYPK - label leakage if classified blind in the corpus,VERIFIED,DOI_MATCH,100.0,17,10.1016/j.jgo.2018.02.007,NIA,"Geriatric assessment-driven polypharmacy discussions between oncologists, older patients, and their caregivers."
2,E_IN_BOTH_SETS,VH6KS89D,testing,same DOI as validation paper TVL564PH - label leakage if classified blind in the corpus,VERIFIED,DOI_MATCH,100.0,21,10.1016/j.ypmed.2019.105974,NIDDK,Keys to healthy family child care homes: Results from a cluster randomized trial.
2,E_IN_BOTH_SETS,VMVQ2SRD,testing,same DOI as validation paper 6ZR6F8KG - label leakage if classified blind in the corpus,VERIFIED,DOI_MATCH,100.0,10,10.1016/j.jpainsymman.2022.11.025,NIA,Examining Caregiver Outcomes in the CONNECT Intervention for Patients With Advanced Cancer.
2,E_IN_BOTH_SETS,VQERMQTN,testing,same DOI as validation paper PDP273K4 - label leakage if classified blind in the corpus,VERIFIED,DOI_MATCH,100.0,12,10.1186/s13012-021-01156-6,NIA; NIDA,Behavioral economic implementation strategies to improve serious illness communication between clinicians and high-risk patients with cancer: protocol for  a cluster randomized pragmatic trial.
2,E_IN_BOTH_SETS,VQU2MLJH,testing,same DOI as validation paper DKMFB69S - label leakage if classified blind in the corpus,VERIFIED,DOI_MATCH,100.0,11,10.1186/s12966-017-0637-1,NIDDK; NINR,Cluster randomized controlled trial of a mobile market intervention to increase fruit and vegetable intake among adults in lower-income communities in North  Carolina.
2,E_IN_BOTH_SETS,VXKNB5DX,testing,same DOI as validation paper 5CPW9STM - label leakage if classified blind in the corpus,VERIFIED,DOI_MATCH,100.0,12,10.3122/jabfm.2021.05.210140,NCATS,"Successful Trial of Practice Facilitation for Plan, Do, Study, Act Quality Improvement."
2,E_IN_BOTH_SETS,VYU7HU26,testing,same DOI as validation paper LSLZLVAS - label leakage if classified blind in the corpus,VERIFIED,DOI_MATCH,100.0,9,10.1016/j.envint.2019.105150,NICHD; NIEHS,Examining the relationship between household air pollution and infant microbial nasal carriage in a Ghanaian cohort.
2,E_IN_BOTH_SETS,WVYCZBPF,testing,same DOI as validation paper DJYB2MPK - label leakage if classified blind in the corpus,VERIFIED,DOI_MATCH,100.0,21,10.1016/j.ahj.2024.05.008,NCATS; NIMHD; NINR,Design and rationale of the cardiometabolic health program linked with community health workers and mobile health telemonitoring to reduce health disparities  (LINKED-HEARTS) program.
2,E_IN_BOTH_SETS,WWX4J35N,testing,same DOI as validation paper 25SMNHQG - label leakage if classified blind in the corpus,VERIFIED,DOI_MATCH,100.0,8,10.1186/s12889-024-17651-6,NIAID,Self-reported cardiovascular disease risk factor screening among people living with HIV vs. members of the general population in Botswana: a community-based  study.
2,E_IN_BOTH_SETS,X7J9NG8M,testing,same DOI as validation paper WJWMFQRJ - label leakage if classified blind in the corpus,VERIFIED,DOI_MATCH,100.0,10,10.1093/tbm/iby026,NICHD,Networks for prevention in 19 communities at the start of a large-scale community-based obesity prevention initiative.
2,E_IN_BOTH_SETS,X83J4YUG,testing,same DOI as validation paper 9SZ8F7SB - label leakage if classified blind in the corpus,VERIFIED,DOI_MATCH,100.0,8,10.1093/cid/ciab601,NIAID,Conditional Cash Transfers to Incentivize Tuberculosis Screening: Description of a Novel Strategy for Contact Investigation in Rural South Africa.
2,E_IN_BOTH_SETS,XATUXZC5,testing,same DOI as validation paper ZBPWT8RC - label leakage if classified blind in the corpus,VERIFIED,DOI_MATCH,100.0,11,10.1097/pcc.0000000000003073,NICHD,The Temporal Association of the COVID-19 Pandemic and Pediatric Cardiopulmonary Resuscitation Quality and Outcomes.
2,E_IN_BOTH_SETS,XCEW696W,testing,same DOI as validation paper TGIBPA3M - label leakage if classified blind in the corpus,VERIFIED,DOI_MATCH,100.0,16,10.1080/10618600.2019.1710156,NIAID; NIEHS,A stochastic second-order generalized estimating equations approach for estimating association parameters.
2,E_IN_BOTH_SETS,XGJ6Z38W,testing,same DOI as validation paper UAZFWMQ5 - label leakage if classified blind in the corpus,VERIFIED,DOI_MATCH,100.0,10,10.1002/oby.23373,NIDDK; NIGMS,A practical decision tree to support editorial adjudication of submitted parallel cluster randomized controlled trials.
2,E_IN_BOTH_SETS,XL7X4Q6K,testing,same DOI as validation paper TUYKW32A - label leakage if classified blind in the corpus,VERIFIED,DOI_MATCH,100.0,5,10.1037/ccp0000786,NIDDK; NIMH; NIMHD,Moderators and mediators of a digital cognitive behavior therapy-guided self-help intervention for eating disorders: Informing future design efforts.
2,E_IN_BOTH_SETS,XLJ8EEGM,testing,same DOI as validation paper C9P63S2B - label leakage if classified blind in the corpus,VERIFIED,DOI_MATCH,100.0,14,10.1186/s43058-023-00437-z,NIMH,Team-focused implementation strategies to improve implementation of mental health screening and referral in rural Children's Advocacy Centers: study protocol for a  pilot cluster randomized hybrid type 2 trial.
2,E_IN_BOTH_SETS,Y4PS4QIT,testing,same DOI as validation paper PWWEDNNK - label leakage if classified blind in the corpus,VERIFIED,DOI_MATCH,100.0,15,10.1016/j.addbeh.2020.106735,NIDA,"Assessing barriers to providing tobacco use disorder treatment in community mental health settings with a revised version of the Smoking Knowledge,  Attitudes, and Practices (S-KAP) instrument."
2,E_IN_BOTH_SETS,Y4QNBWSN,testing,same DOI as validation paper F2BPPKMI - label leakage if classified blind in the corpus,VERIFIED,DOI_MATCH,100.0,13,10.1186/s13012-020-0967-2,NCATS; NIDA,"QuitSMART Utah: an implementation study protocol for a cluster-randomized, multi-level Sequential Multiple Assignment Randomized Trial to increase Reach and  Impact of tobacco cessation treatment in Community Health Centers."
2,E_IN_BOTH_SETS,Y729FR8I,testing,same DOI as validation paper EZW26HK2 - label leakage if classified blind in the corpus,VERIFIED,DOI_MATCH,100.0,11,10.1001/jamanetworkopen.2023.34646,NCATS,A Multifaceted Implementation Strategy to Increase Out-of-Office Blood Pressure Monitoring: The EMBRACE Cluster Randomized Clinical Trial.
2,E_IN_BOTH_SETS,YBR6NA98,testing,same DOI as validation paper BMCWCLQH - label leakage if classified blind in the corpus,VERIFIED,DOI_MATCH,100.0,8,10.1123/jpah.2021-0677,NIDDK,Objective Measures of Physical Activity in Rural Communities: Factors Associated With a Valid Wear and Lessons Learned.
2,E_IN_BOTH_SETS,YUAM3VKF,testing,same DOI as validation paper UHEKLJLC - label leakage if classified blind in the corpus,VERIFIED,DOI_MATCH,100.0,11,10.1093/abm/kaad060,NCATS,A Cluster-Randomized Evaluation of the SuperShelf Intervention in Choice-Based Food Pantries.
2,E_IN_BOTH_SETS,YVTFQYD2,testing,same DOI as validation paper GQ47R7MS - label leakage if classified blind in the corpus,VERIFIED,DOI_MATCH,100.0,7,10.1089/jpm.2022.0277,NIA,Symptom Burden and Shared Care Planning in an Oncology Nurse-Led Primary Palliative Care Intervention (CONNECT) for Patients with Advanced Cancer.
2,E_IN_BOTH_SETS,YZ2ZXEQJ,testing,same DOI as validation paper 74ARW7SL - label leakage if classified blind in the corpus,VERIFIED,DOI_MATCH,100.0,10,10.1186/s13063-018-3075-8,NICHD; NINR,Methods in the design and implementation of the Randomized Evaluation of Sedation Titration for Respiratory Failure (RESTORE) clinical trial.
2,E_IN_BOTH_SETS,Z3NEV3AG,testing,same DOI as validation paper VMHXT33Z - label leakage if classified blind in the corpus,VERIFIED,DOI_MATCH,100.0,19,10.1016/j.ahj.2022.02.010,NCATS,Randomized evaluation of decision support interventions for atrial fibrillation: Rationale and design of the RED-AF study.
2,E_IN_BOTH_SETS,Z49RK7S3,testing,same DOI as validation paper W2VQEXEG - label leakage if classified blind in the corpus,VERIFIED,DOI_MATCH,100.0,33,10.1016/j.cct.2020.106164,NCATS; NIDDK,"Medical assistant health coaching (""MAC"") for type 2 diabetes in diverse primary care settings: A pragmatic, cluster-randomized controlled trial protocol."
2,E_IN_BOTH_SETS,Z6QQIWFY,testing,same DOI as validation paper 69KLSK53 - label leakage if classified blind in the corpus,VERIFIED,DOI_MATCH,100.0,12,10.1200/op.22.00173,NIA,Communication About Fall Risk in Community Oncology Practice: The Role of Geriatric Assessment.
2,E_IN_BOTH_SETS,Z7AH5NE4,testing,same DOI as validation paper KJQKEW8Y - label leakage if classified blind in the corpus,VERIFIED,DOI_MATCH,100.0,8,10.1001/jamainternmed.2018.3629,NCCIH,Effectiveness of a Mailed Colorectal Cancer Screening Outreach Program in Community Health Clinics: The STOP CRC Cluster Randomized Clinical Trial.
2,E_IN_BOTH_SETS,ZBADI59C,testing,same DOI as validation paper NT3UR2AB - label leakage if classified blind in the corpus,VERIFIED,DOI_MATCH,100.0,14,10.1016/j.jneb.2018.09.001,NIDDK,The Impact of a Healthy Weight Intervention Embedded in a Home-Visiting Program on Children's Weight and Mothers' Feeding Practices.
2,E_IN_BOTH_SETS,ZCN2GW5H,testing,same DOI as validation paper 4EYIVLJR - label leakage if classified blind in the corpus,VERIFIED,DOI_MATCH,100.0,12,10.1093/tbm/ibab144,NCATS; NIDDK,Process evaluation of a medical assistant health coaching intervention for type 2 diabetes in diverse primary care settings.
2,E_IN_BOTH_SETS,ZIKITPY8,testing,same DOI as validation paper 7KTF6M73 - label leakage if classified blind in the corpus,VERIFIED,DOI_MATCH,100.0,13,10.1016/j.ahj.2020.08.009,NIAMS; NIGMS,Implementation of Multifaceted Patient-Centered Treatment Strategies for Intensive Blood Pressure Control (IMPACTS): Rationale and design of a  cluster-randomized trial.
2,E_IN_BOTH_SETS,ZIW6MP95,testing,same DOI as validation paper UJB4QA99 - label leakage if classified blind in the corpus,VERIFIED,DOI_MATCH,100.0,11,10.1002/onco.13975,NCATS; NIA,The Relationship Between Frailty and Emotional Health in Older Patients with Advanced Cancer.
2,E_IN_BOTH_SETS,ZJVGPCQS,testing,same DOI as validation paper KESZW83P - label leakage if classified blind in the corpus,VERIFIED,DOI_MATCH,100.0,17,10.1056/nejmc1804294,NCATS; NIA; NIGMS,Balanced Crystalloids versus Saline in Critically Ill Adults.
2,E_IN_BOTH_SETS,ZS9HPC7S,testing,same DOI as validation paper 3B8K39D8 - label leakage if classified blind in the corpus,VERIFIED,DOI_MATCH,100.0,15,10.1001/jamanetworkopen.2021.46519,NIDDK,Effect of Clinical Decision Support at Community Health Centers on the Risk of Cardiovascular Disease: A Cluster Randomized Clinical Trial.
2,E_IN_BOTH_SETS,ZSVGVCQS,testing,same DOI as validation paper FUSDUXRL - label leakage if classified blind in the corpus,VERIFIED,DOI_MATCH,100.0,20,10.1016/j.jagp.2019.04.011,NIA,Changes in Moderate Intensity Physical Activity Are Associated With Better Cognition in the Multilevel Intervention for Physical Activity in Retirement  Communities (MIPARC) Study.
3,C_PROBABLY_FINE,6AUXHCLQ,testing,DOI matches; title found 54% into text (journal layout / space-less extraction) - spot-checked and looks correct,VERIFIED,DOI_MATCH,100.0,10,10.1093/tbm/ibaa113,NIDDK,"Evaluating a child care-based social marketing approach for improving children's diet and physical activity: results from the Healthy Me, Healthy We  cluster-randomized controlled trial."
3,C_PROBABLY_FINE,D29P9RKT,validation,DOI matches; title found 97% into text (journal layout / space-less extraction) - spot-checked and looks correct,VERIFIED,DOI_MATCH,100.0,12,10.1001/jama.2017.21906,Locked_26_01_08_337,Effect of a Quality Improvement Intervention on Clinical Outcomes in Patients in India With Acute Myocardial Infarction: The ACS QUIK Randomized Clinical Trial
3,C_PROBABLY_FINE,J2XGTHGE,validation,DOI matches; title found 52% into text (journal layout / space-less extraction) - spot-checked and looks correct,VERIFIED,DOI_MATCH,100.0,10,10.1093/tbm/ibaa113,Locked_26_01_08_337,"Evaluating a child care-based social marketing approach for improving children's diet and physical activity: results from the Healthy Me, Healthy We cluster-randomized controlled trial"
3,C_PROBABLY_FINE,K4DMDMSQ,validation,title at top but 15/15 authors found; page 1 may simply omit the author list,WEAK,TITLE_NEAR_MATCH,89.3,34,10.2196/57863,Locked_26_01_08_337,The Effect of an mHealth Self-Monitoring Intervention (MI-BP) on Blood Pressure Among Black Individuals With Uncontrolled Hypertension: Randomized Controlled Trial
3,C_PROBABLY_FINE,S55P2WES,testing,title at top but 0/7 authors found; page 1 may simply omit the author list,WEAK,TITLE_NEAR_MATCH,100.0,4,10.7326/m20-6326,NIDDK; NIGMS,Food Insecurity and Weight Loss in an Underserved Primary Care Population: A Post Hoc Analysis of a Cluster Randomized Trial.
