pmid,citation_key,first_author,year,title,journal,volume,issue,pages,doi,exclusion_reason,reason_source,all_authors
39503943,Blum2025,"Blum, Moritz",2025,Symptom prevalence in patients with advanced heart failure and its association  with quality of life and activities of daily living,Qual Life Res,34,2,485-493,10.1007/s11136-024-03823-9,Baseline analysis,"Ignore03_NHLBI exclusion document, category headings","Blum, Moritz; McKendrick, Karen; Gelfman, Laura P; Goldstein, Nathan E"
30025937,Coats2018,"Coats, Heather",2018,"Quality of Communication and Trust in Patients With Serious Illness: An  Exploratory Study of the Relationships of Race/Ethnicity, Socioeconomic Status,  and Religiosity",J Pain Symptom Manage,56,4,530-540.e6,10.1016/j.jpainsymman.2018.07.005,Baseline analysis,"Ignore03_NHLBI exclusion document, category headings","Coats, Heather; Downey, Lois; Sharma, Rashmi K; Curtis, J Randall; Engelberg, Ruth A"
36271193,Cummings2023,"Cummings, Doyle M",2023,"Treatment Intensity, Prescribing Patterns, and Blood Pressure Control in Rural  Black Patients with Uncontrolled Hypertension",J Racial Ethn Health Disparities,10,5,2505-2512,10.1007/s40615-022-01431-2,Baseline analysis,"Ignore03_NHLBI exclusion document, category headings","Cummings, Doyle M; Adams, Alyssa; Patil, Shivajirao; Cherrington, Andrea; Halladay, Jacqueline R; Oparil, Suzanne; Soroka, Orysya; Ringel, Joanna Bryan; Safford, Monika M"
30707598,Gans2019,"Gans, Kim M",2019,Nutrition-Related Practices of Family Child Care Providers and Differences by  Ethnicity,Child Obes,15,3,167-184,10.1089/chi.2018.0083,Baseline analysis,"Ignore03_NHLBI exclusion document, category headings","Gans, Kim M; Tovar, Alison; Jiang, Qianxia; Mello, Jennifer; Dionne, Laura; Kang, Augustine; Mena, Noereem Z; Palomo, Vanessa; Risica, Patricia Markham"
34851731,Gans2022,"Gans, Kim M",2022,Physical Activity and Screen Time Practices of Family Child Care Providers: Do  They Meet Best Practice Guidelines?,Child Obes,18,4,281-290,10.1089/chi.2021.0094,Baseline analysis,"Ignore03_NHLBI exclusion document, category headings","Gans, Kim M; Jiang, Qianxia; Tovar, Alison; Kang, Augustine; McCardle, Meagan; Risica, Patricia M"
39975777,Gilbert2025,"Gilbert, Amanda",2025,Using the socioecological model to explore factors associated with obesity among  reproductive age women,Front Public Health,13,,1498450,10.3389/fpubh.2025.1498450,Baseline analysis,"Ignore03_NHLBI exclusion document, category headings","Gilbert, Amanda; Persaud, Alicia; Farabi, Sarah; Schwarz, Cindy; Haire-Joshu, Debra; Tabak, Rachel G"
34634512,Jeans2022,"Jeans, Matthew R",2022,"Comparison of School vs Home Breakfast Consumption with Cardiometabolic and  Dietary Parameters in Low-Income, Multiracial/Ethnic Elementary School-Aged  Children",J Acad Nutr Diet,122,4,833-847,10.1016/j.jand.2021.10.014,Baseline analysis,"Ignore03_NHLBI exclusion document, category headings","Jeans, Matthew R; Landry, Matthew J; Asigbee, Fiona M; Vandyousefi, Sarvenaz; Ghaddar, Reem; Bray, Molly S; Leidy, Heather J; Davis, Jaimie N"
34659829,Jiang2021,"Jiang, Qianxia",2021,Ethnic Differences in Family Childcare Providers' Nutrition- and Activity-Related  Attitudes and Barriers,J Obes,2021,,6697006,10.1155/2021/6697006,Baseline analysis,"Ignore03_NHLBI exclusion document, category headings","Jiang, Qianxia; Tovar, Alison; Risica, Patricia M; Cooksey Stowers, Kristen; Schwartz, Marlene; Lombardi, Caitlin; Kang, Augustine; Mena, Noereem Z; Gans, Kim M"
37441753,Jiang2023,"Jiang, Qianxia",2023,Effect of Applying Best Practices for Physical Activity and Screen Time to Family  Childcare Homes,Prev Chronic Dis,20,,E60,10.5888/pcd20.220325,Baseline analysis,"Ignore03_NHLBI exclusion document, category headings","Jiang, Qianxia; Risica, Patricia Markham; Tovar, Alison; Stowers, Kristen Cooksey; Schwartz, Marlene B; Lombardi, Caitlin; Alhassan, Sofiya; Gans, Kim M"
30016518,Marks2018,"Marks, Jennifer",2018,Networks for prevention in 19 communities at the start of a large-scale  community-based obesity prevention initiative,Transl Behav Med,8,4,575-584,10.1093/tbm/iby026,Baseline analysis,"Ignore03_NHLBI exclusion document, category headings","Marks, Jennifer; Sanigorski, Andrew; Owen, Brynle; McGlashan, Jaimie; Millar, Lynne; Nichols, Melanie; Strugnell, Claudia; Allender, Steven"
35255913,Thakkar2022,"Thakkar, Aarti",2022,Network characteristics of a referral system for patients with hypertension in  Western Kenya: results from the Strengthening Referral Networks for Management of  Hypertension Across the Health System (STRENGTHS) study,BMC Health Serv Res,22,1,315,10.1186/s12913-022-07699-8,Baseline analysis,"Ignore03_NHLBI exclusion document, category headings","Thakkar, Aarti; Valente, Thomas; Andesia, Josephine; Njuguna, Benson; Miheso, Juliet; Mercer, Tim; Mugo, Richard; Mwangi, Ann; Mwangi, Eunice; Pastakia, Sonak D; Pathak, Shravani; Pillsbury, Mc Kinsey M; Kamano, Jemima; Naanyu, Violet; Williams, Makeda; Vedanthan, Rajesh; Akwanalo, Constantine; Bloomfield, Gerald S"
30497638,Tovar2018,"Tovar, Alison",2018,Nutritional Quality of Meals and Snacks Served and Consumed in Family Child Care,J Acad Nutr Diet,118,12,2280-2286,10.1016/j.jand.2018.08.154,Baseline analysis,"Ignore03_NHLBI exclusion document, category headings","Tovar, Alison; Benjamin-Neelon, Sara E; Vaughn, Amber E; Tsai, Maggie; Burney, Regan; Østbye, Truls; Ward, Dianne S"
29373797,Barbaro2018,"Barbaro, Ryan P",2018,Does Extracorporeal Membrane Oxygenation Improve Survival in Pediatric Acute  Respiratory Failure?,Am J Respir Crit Care Med,197,9,1177-1186,10.1164/rccm.201709-1893OC,Cohort study,"Ignore03_NHLBI exclusion document, category headings","Barbaro, Ryan P; Xu, Yuejia; Borasino, Santiago; Truemper, Edward J; Watson, R Scott; Thiagarajan, Ravi R; Wypij, David; Curley, Martha A Q"
30017814,Curley2018,"Curley, Martha A Q",2018,"Design and rationale of the ""Sedation strategy and cognitive outcome after  critical illness in early childhood"" study",Contemp Clin Trials,72,,8-15,10.1016/j.cct.2018.07.004,Cohort study,"Ignore03_NHLBI exclusion document, category headings","Curley, Martha A Q; Watson, R Scott; Cassidy, Amy M; Burns, Cheryl; Delinger, Rachel L; Angus, Derek C; Asaro, Lisa A; Wypij, David; Beers, Sue R"
40622370,Hickey2025,"Hickey, Matthew D",2025,A prospective cohort study of the SEARCH integrated HIV/hypertension community  health worker-led intervention in rural Kenya and Uganda,J Int AIDS Soc,28 Suppl 3,Suppl 3,e26500,10.1002/jia2.26500,Cohort study,"Ignore03_NHLBI exclusion document, category headings","Hickey, Matthew D; Owaraganise, Asiphas; Ogachi, Sabina; Sunday, Helen; Aoko, Colette; Sang, Norton; Agengo, George; Kabami, Jane; Kakande, Elijah; Mugoma, Erick Wafula; Schwab, Josh; Sutter, Nicole; Black, Douglas; Muiru, Anthony; Chamie, Gabriel; Petersen, Maya L; Balzer, Laura B; Bukusi, Elizabeth A; Havlir, Diane V; Kamya, Moses R; Ayieko, James"
36914960,Leite2024,"Leite, Jean Michel R S",2024,"Individually randomized trial mislabeled as a cluster-randomized trial. Comment  on: ""Effectiveness of wearable technology to optimize youth soccer players'  off-training behaviour and training responses: a cluster-randomized trial""",Sci Med Footb,8,3,291,10.1080/24733938.2023.2190998,Comments,"Ignore03_NHLBI exclusion document, category headings","Leite, Jean Michel R S; Jamshidi-Naeini, Jasmine; Vorland, Colby J; Golzarri-Arroyo, Lilian; Allison, David B"
32211886,Li2020,"Li, Fan",2020,Commentary: Right truncation in cluster randomized trials can attenuate the power  of a marginal analysis,Int J Epidemiol,49,3,964-967,10.1093/ije/dyaa037,Comments,"Ignore03_NHLBI exclusion document, category headings","Li, Fan; Harhay, Michael O"
29768150,Semler2018,"Semler, Matthew W",2018,Balanced Crystalloids versus Saline in Critically Ill Adults,N Engl J Med,378,20,1951,10.1056/NEJMc1804294,Comments,"Ignore03_NHLBI exclusion document, category headings","Semler, Matthew W; Self, Wesley H; Rice, Todd W"
31909412,Catley2020,"Catley, Delwyn",2020,Adapting the Diabetes Prevention Program for low- and middle-income countries:  preliminary implementation findings from lifestyle Africa,Transl Behav Med,10,1,46-54,10.1093/tbm/ibz187,Implementation,"Ignore03_NHLBI exclusion document, category headings","Catley, Delwyn; Puoane, Thandi; Goggin, Kathy; Tsolekile, Lungiswa P; Resnicow, Ken; Fleming, Kandace; Smyth, Joshua M; Hurley, Emily A; Schlachter, Sarah; Vitolins, Mara Z; Lambert, Estelle V; Hassen, Mariam; Muhali, Kenneth; Schoor, Rachel"
34791499,Clark2022,"Clark, Taylor L",2022,Process evaluation of a medical assistant health coaching intervention for type 2  diabetes in diverse primary care settings,Transl Behav Med,12,2,350-361,10.1093/tbm/ibab144,Implementation,"Ignore03_NHLBI exclusion document, category headings","Clark, Taylor L; Fortmann, Addie L; Philis-Tsimikas, Athena; Bodenheimer, Thomas; Savin, Kimberly L; Sandoval, Haley; Bravin, Julia I; Gallo, Linda C"
35272263,Gilbert2022,"Gilbert, Amanda",2022,Objective Measures of Physical Activity in Rural Communities: Factors Associated  With a Valid Wear and Lessons Learned,J Phys Act Health,19,4,267-274,10.1123/jpah.2021-0677,Implementation,"Ignore03_NHLBI exclusion document, category headings","Gilbert, Amanda; Beck, Alan; Serrano, Natalicio; Brownson, Ross C"
33538306,Luecking2021,"Luecking, Courtney T",2021,"Fidelity and factors influencing implementation of Healthy Me, Healthy: process  evaluation of a social marketing campaign for diet and physical activity  behaviors of children in childcare",Transl Behav Med,11,3,733-744,10.1093/tbm/ibab001,Implementation,"Ignore03_NHLBI exclusion document, category headings","Luecking, Courtney T; Vaughn, Amber E; Burney, Regan; Hennink-Kaminski, Heidi; Hales, Derek; Ward, Dianne S"
34479556,Pillsbury2021,"Pillsbury, Mc Kinsey M",2021,Human-centered implementation research: a new approach to develop and evaluate  implementation strategies for strengthening referral networks for hypertension in  western Kenya,BMC Health Serv Res,21,1,910,10.1186/s12913-021-06930-2,Implementation,"Ignore03_NHLBI exclusion document, category headings","Pillsbury, Mc Kinsey M; Mwangi, Eunice; Andesia, Josephine; Njuguna, Benson; Bloomfield, Gerald S; Chepchumba, Agneta; Kamano, Jemima; Mercer, Tim; Miheso, Juliet; Pastakia, Sonak D; Pathak, Shravani; Thakkar, Aarti; Naanyu, Violet; Akwanalo, Constantine; Vedanthan, Rajesh"
30728053,Singh2019,"Singh, Kavita",2019,Implementation and acceptability of a heart attack quality improvement  intervention in India: a mixed methods analysis of the ACS QUIK trial,Implement Sci,14,1,12,10.1186/s13012-019-0857-7,Implementation,"Ignore03_NHLBI exclusion document, category headings","Singh, Kavita; Devarajan, Raji; Mohanan, Padinhare P; Baldridge, Abigail S; Kondal, Dimple; Victorson, David E; Karmali, Kunal N; Zhao, Lihui; Lloyd-Jones, Donald M; Prabhakaran, Dorairaj; Goenka, Shifalika; Huffman, Mark D"
29490675,Tian2018,"Tian, Maoyi",2018,"A qualitative evaluation of a simplified cardiovascular management program in  Tibet, China",Global Health,14,1,24,10.1186/s12992-018-0342-0,Implementation,"Ignore03_NHLBI exclusion document, category headings","Tian, Maoyi; Yin, Xuejun; Dunzhu, Danzeng; Liu, Zhong; Li, Cong; Sun, Hao; Song, Ci; Sangzhu, Laba; Patel, Anushka; Redfern, Julie; Yan, Lijing L"
30378521,Tovar2019,"Tovar, Alison",2019,Modifying the Environment and Policy Assessment and Observation (EPAO) to better  capture feeding practices of family childcare home providers,Public Health Nutr,22,2,223-234,10.1017/S1368980018002665,Implementation,"Ignore03_NHLBI exclusion document, category headings","Tovar, Alison; Vaughn, Amber E; Fisher, Jennifer Orlet; Benjamin Neelon, Sara E; Burney, Regan; Webster, Kathleen; Liu, Tao; Ostbye, Truls; Ward, Dianne S"
34280575,Trivedi2021,"Trivedi, Michelle",2021,Incorporating systems-level stakeholder perspectives into the clinical trial  design of school-supervised asthma therapy,Contemp Clin Trials,108,,106510,10.1016/j.cct.2021.106510,Implementation,"Ignore03_NHLBI exclusion document, category headings","Trivedi, Michelle; Hoque, Shushmita; Luther, Janki; Spano, Michelle; Shillan, Holly; Pearl, Hallie; Seay, Hannah; Phipatanakul, Wanda; Gerald, Lynn B; Pbert, Lori"
30107586,Vaughn2019,"Vaughn, Amber E",2019,"Using a social marketing approach to develop Healthy Me, Healthy We: a nutrition  and physical activity intervention in early care and education",Transl Behav Med,9,4,669-681,10.1093/tbm/iby082,Implementation,"Ignore03_NHLBI exclusion document, category headings","Vaughn, Amber E; Bartlett, Rachel; Luecking, Courtney T; Hennink-Kaminski, Heidi; Ward, Dianne S"
32033617,Bell2020,"Bell, Melanie L",2020,The mixed model for repeated measures for cluster randomized trials: a simulation  study investigating bias and type I error with missing continuous data,Trials,21,1,148,10.1186/s13063-020-4114-9,Methods,"Ignore03_NHLBI exclusion document, category headings","Bell, Melanie L; Rabe, Brooke A"
38567439,Blette2024,"Blette, Bryan S",2024,Assessing treatment effect heterogeneity in the presence of missing effect  modifier data in cluster-randomized trials,Stat Methods Med Res,33,5,909-927,10.1177/09622802241242323,Methods,"Ignore03_NHLBI exclusion document, category headings","Blette, Bryan S; Halpern, Scott D; Li, Fan; Harhay, Michael O"
41443760,Fang2025,"Fang, Xi",2025,While-alive regression analysis of composite survival endpoints,Biostatistics,26,1,,10.1093/biostatistics/kxaf047,Methods,"Ignore03_NHLBI exclusion document, category headings","Fang, Xi; Uno, Hajime; Li, Fan"
39963907,Gasparini2025,"Gasparini, Alessandro",2025,Analysis of Cohort Stepped Wedge Cluster-Randomized Trials With Nonignorable  Dropout via Joint Modeling,Stat Med,44,5,e10347,10.1002/sim.10347,Methods,"Ignore03_NHLBI exclusion document, category headings","Gasparini, Alessandro; Crowther, Michael J; Hoogendijk, Emiel O; Li, Fan; Harhay, Michael O"
32078372,GolzarriArroyo2020,"Golzarri-Arroyo, Lilian",2020,Incorrect Analyses of Cluster-Randomized Trials that Do Not Take Clustering and  Nesting into Account Likely Lead to p-Values that Are Too Small,Child Obes,16,2,65-66,10.1089/chi.2019.0142,Methods,"Ignore03_NHLBI exclusion document, category headings","Golzarri-Arroyo, Lilian; Oakes, J Michael; Brown, Andrew W; Allison, David B"
35093646,GolzarriArroyo2022,"Golzarri-Arroyo, Lilian",2022,Evaluation of the type I error rate when using parametric bootstrap analysis of a  cluster randomized controlled trial with binary outcomes and a small number of  clusters,Comput Methods Programs Biomed,215,,106654,10.1016/j.cmpb.2022.106654,Methods,"Ignore03_NHLBI exclusion document, category headings","Golzarri-Arroyo, Lilian; Dickinson, Stephanie L; Jamshidi-Naeini, Yasaman; Zoh, Roger S; Brown, Andrew W; Owora, Arthur H; Li, Peng; Oakes, J Michael; Allison, David B"
39885759,Isenberg2025,"Isenberg, Dane",2025,Weighting methods for truncation by death in cluster-randomized trials,Stat Methods Med Res,34,3,473-489,10.1177/09622802241309348,Methods,"Ignore03_NHLBI exclusion document, category headings","Isenberg, Dane; Harhay, Michael O; Mitra, Nandita; Li, Fan"
35195364,JamshidiNaeini2022,"Jamshidi-Naeini, Yasaman",2022,A practical decision tree to support editorial adjudication of submitted parallel  cluster randomized controlled trials,Obesity (Silver Spring),30,3,565-570,10.1002/oby.23373,Methods,"Ignore03_NHLBI exclusion document, category headings","Jamshidi-Naeini, Yasaman; Brown, Andrew W; Mehta, Tapan; Glueck, Deborah H; Golzarri-Arroyo, Lilian; Muller, Keith E; Tekwe, Carmen D; Allison, David B"
37730572,JamshidiNaeini2023,"Jamshidi-Naeini, Yasaman",2023,"Corrected analysis of ""the effects of bright light treatment on affective  symptoms in people with dementia: a 24-week cluster randomized controlled trial""  that accounts for clustering and nesting verifies conclusions",BMC Psychiatry,23,1,683,10.1186/s12888-023-05180-2,Methods,"Ignore03_NHLBI exclusion document, category headings","Jamshidi-Naeini, Yasaman; Golzarri-Arroyo, Lilian; Siddique, Abu Bakkar; Vorland, Colby J; Rodriguez, Miriam Jocelyn; Holden, Richard J; Allison, David B"
38568721,JamshidiNaeini2024,"Jamshidi-Naeini, Yasaman",2024,Ambiguity in Statistical Analysis Methods and Nonconformity With Prespecified  Commitment to Data Sharing in a Cluster Randomized Controlled Trial,J Med Internet Res,26,,e54090,10.2196/54090,Methods,"Ignore03_NHLBI exclusion document, category headings","Jamshidi-Naeini, Yasaman; Golzarri-Arroyo, Lilian; Thapa, Deependra K; Brown, Andrew W; Kpormegbey, Daniel E; Allison, David B"
37493171,Joyce2023,"Joyce, Nina R",2023,Assessing the representativeness of cluster randomized trials: Evidence from two  large pragmatic trials in United States nursing homes,Clin Trials,20,6,613-623,10.1177/17407745231185055,Methods,"Ignore03_NHLBI exclusion document, category headings","Joyce, Nina R; Robertson, Sarah E; McCreedy, Ellen; Ogarek, Jessica; Davidson, Edward H; Mor, Vincent; Gravenstein, Stefan; Dahabreh, Issa J"
35834775,Kahan2023,"Kahan, Brennan C",2023,Estimands in cluster-randomized trials: choosing analyses that answer the right  question,Int J Epidemiol,52,1,107-118,10.1093/ije/dyac131,Methods,"Ignore03_NHLBI exclusion document, category headings","Kahan, Brennan C; Li, Fan; Copas, Andrew J; Harhay, Michael O"
37439089,Kahan2023a,"Kahan, Brennan C",2023,Informative cluster size in cluster-randomised trials: A case study from the  TRIGGER trial,Clin Trials,20,6,661-669,10.1177/17407745231186094,Methods,"Ignore03_NHLBI exclusion document, category headings","Kahan, Brennan C; Li, Fan; Blette, Bryan; Jairath, Vipul; Copas, Andrew; Harhay, Michael"
38780480,Kahan2024,"Kahan, Brennan C",2024,Demystifying estimands in cluster-randomised trials,Stat Methods Med Res,33,7,1211-1232,10.1177/09622802241254197,Methods,"Ignore03_NHLBI exclusion document, category headings","Kahan, Brennan C; Blette, Bryan S; Harhay, Michael O; Halpern, Scott D; Jairath, Vipul; Copas, Andrew; Li, Fan"
35412010,Katzmarzyk2022,"Katzmarzyk, Peter T",2022,Intraclass correlation coefficients for weight loss cluster randomized trials in  primary care: The PROPEL trial,Clin Obes,12,4,e12524,10.1111/cob.12524,Methods,"Ignore03_NHLBI exclusion document, category headings","Katzmarzyk, Peter T; Denstel, Kara D; Martin, Corby K; Newton, Robert L Jr; Apolzan, John W; Mire, Emily F; Horswell, Ronald; Johnson, William D; Brown, Andrew W; Zhang, Dachuan"
37931183,Kilbourne2024,"Kilbourne, Amy",2024,Adaptive Designs in Implementation Science and Practice: Their Promise and the  Need for Greater Understanding and Improved Communication,Annu Rev Public Health,45,1,69-88,10.1146/annurev-publhealth-060222-014438,Methods,"Ignore03_NHLBI exclusion document, category headings","Kilbourne, Amy; Chinman, Matthew; Rogal, Shari; Almirall, Daniel"
30922358,Krzyzanowski2019,"Krzyzanowski, Brittany",2019,Use of a Geographic Information System to create treatment groups for  group-randomized community trials: The Minnesota Heart Health Program,Trials,20,1,185,10.1186/s13063-019-3284-9,Methods,"Ignore03_NHLBI exclusion document, category headings","Krzyzanowski, Brittany; Manson, Steven M; Eder, Milton Mickey; Kne, Len; Oldenburg, Niki; Peterson, Kevin; Hirsch, Alan T; Luepker, Russell V; Duval, Sue"
40859182,Lo2025,"Lo, Yungtai",2025,Two-part model for ventilator-free days in a cluster randomized cross-over  clinical trial,BMC Med Res Methodol,25,1,200,10.1186/s12874-025-02653-8,Methods,"Ignore03_NHLBI exclusion document, category headings","Lo, Yungtai; Xie, Xianhong; Moskowitz, Ari; Gong, Michelle Ng; Wang, Henry E; Kim, Mimi"
27920364,Matsouaka2018,"Matsouaka, Roland A",2018,An optimal Wilcoxon-Mann-Whitney test of mortality and a continuous outcome,Stat Methods Med Res,27,8,2384-2400,10.1177/0962280216680524,Methods,"Ignore03_NHLBI exclusion document, category headings","Matsouaka, Roland A; Singhal, Aneesh B; Betensky, Rebecca A"
39930740,Owen2025,"Owen, Melody A",2025,Power and Sample Size Calculations for Cluster Randomized Hybrid Type 2  Effectiveness-Implementation Studies,Stat Med,44,5,e70015,10.1002/sim.70015,Methods,"Ignore03_NHLBI exclusion document, category headings","Owen, Melody A; Curran, Geoffrey M; Smith, Justin D; Tedla, Yacob; Cheng, Chao; Spiegelman, Donna"
38846735,Smith2023,"Smith, Justin D",2023,Process of Engaging Community and Scientific Partners in the Development of the  CIRCL-Chicago Study Protocol,Ethn Dis,DECIPHeR,Spec Issue,18-26,10.18865/ed.DECIPHeR.18,Methods,"Ignore03_NHLBI exclusion document, category headings","Smith, Justin D; Carroll, Allison J; Sanuade, Olutobi A; Johnson, Rebecca; Abramsohn, Emily M; Abbas, Hiba; Ahmad, Faraz S; Eggleston, Alice; Lazar, Danielle; Lindau, Stacy Tessler; McHugh, Megan; Mohanty, Nivedita; Philbin, Sarah; Pinkerton, El A; Rosul, Linda L; Merle, James L; Tedla, Yacob G; Walunas, Theresa L; Davis, Paris; Kho, Abel"
36799630,Tong2023,"Tong, Guangyu",2023,A Bayesian Approach for Estimating the Survivor Average Causal Effect When  Outcomes Are Truncated by Death in Cluster-Randomized Trials,Am J Epidemiol,192,6,1006-1015,10.1093/aje/kwad038,Methods,"Ignore03_NHLBI exclusion document, category headings","Tong, Guangyu; Li, Fan; Chen, Xinyuan; Hirani, Shashivadan P; Newman, Stanton P; Wang, Wei; Harhay, Michael O"
38197388,Tong2024,"Tong, Guangyu",2024,Hierarchical Bayesian modeling of heterogeneous outcome variance in cluster  randomized trials,Clin Trials,21,4,451-460,10.1177/17407745231222018,Methods,"Ignore03_NHLBI exclusion document, category headings","Tong, Guangyu; Tong, Jiaqi; Jiang, Yi; Esserman, Denise; Harhay, Michael O; Warren, Joshua L"
37024809,Tong2023a,"Tong, Jiaqi",2023,Accounting for expected attrition in the planning of cluster randomized trials  for assessing treatment effect heterogeneity,BMC Med Res Methodol,23,1,85,10.1186/s12874-023-01887-8,Methods,"Ignore03_NHLBI exclusion document, category headings","Tong, Jiaqi; Li, Fan; Harhay, Michael O; Tong, Guangyu"
34961539,Wang2021,"Wang, Wei",2021,A comparative study of R functions for clustered data analysis,Trials,22,1,959,10.1186/s13063-021-05900-7,Methods,"Ignore03_NHLBI exclusion document, category headings","Wang, Wei; Harhay, Michael O"
37985966,Wang2024,"Wang, Wei",2024,A mixed model approach to estimate the survivor average causal effect in  cluster-randomized trials,Stat Med,43,1,16-33,10.1002/sim.9939,Methods,"Ignore03_NHLBI exclusion document, category headings","Wang, Wei; Tong, Guangyu; Hirani, Shashivadan P; Newman, Stanton P; Halpern, Scott D; Small, Dylan S; Li, Fan; Harhay, Michael O"
37035941,Zhu2024,"Zhu, Angela Y",2024,Leveraging baseline covariates to analyze small cluster-randomized trials with a  rare binary outcome,Biom J,66,1,e2200135,10.1002/bimj.202200135,Methods,"Ignore03_NHLBI exclusion document, category headings","Zhu, Angela Y; Mitra, Nandita; Hemming, Karla; Harhay, Michael O; Li, Fan"
36018846,Beres2022,"Beres, Laura K",2022,Acceptability and feasibility of mobile phone-based ecological momentary  assessment and intervention in Uganda: A pilot randomized controlled trial,PLoS One,17,8,e0273228,10.1371/journal.pone.0273228,Pilot study,"Ignore03_NHLBI exclusion document, category headings","Beres, Laura K; Mbabali, Ismail; Anok, Aggrey; Katabalwa, Charles; Mulamba, Jeremiah; Thomas, Alvin G; Bugos, Eva; Grabowski, Mary K; Nakigozi, Gertrude; Chang, Larry"
36271399,Bonafide2022,"Bonafide, Christopher P",2022,Sustainable deimplementation of continuous pulse oximetry monitoring in children  hospitalized with bronchiolitis: study protocol for the Eliminating Monitor  Overuse (EMO) type III effectiveness-deimplementation cluster-randomized trial,Implement Sci,17,1,72,10.1186/s13012-022-01246-z,Pilot study,"Ignore03_NHLBI exclusion document, category headings","Bonafide, Christopher P; Xiao, Rui; Schondelmeyer, Amanda C; Pettit, Amy R; Brady, Patrick W; Landrigan, Christopher P; Wolk, Courtney Benjamin; Cidav, Zuleyha; Ruppel, Halley; Muthu, Naveen; Williams, Nathaniel J; Schisterman, Enrique; Brent, Canita R; Albanowski, Kimberly; Beidas, Rinad S"
33385279,Clark2021,"Clark, Jesse",2021,"TransPrEP: Results from the Pilot Study of a Social Network-Based Intervention to  Support PrEP Adherence Among Transgender Women in Lima, Peru",AIDS Behav,25,6,1873-1883,10.1007/s10461-020-03117-4,Pilot study,"Ignore03_NHLBI exclusion document, category headings","Clark, Jesse; Reisner, Sari; Perez-Brumer, Amaya; Huerta, Leyla; Sanchez, Hugo; Moriarty, Kathleen; Luque, Maria Mamani; Okochi, Hideaki; Salazar, Ximena; Mimiaga, Matthew; Sanchez, Jorge; Gandhi, Monica; Mayer, Kenneth H; Lama, Javier R"
35081595,Guyette2022,"Guyette, Frank X",2022,Prehospital low titer group O whole blood is feasible and safe: Results of a  prospective randomized pilot trial,J Trauma Acute Care Surg,92,5,839-847,10.1097/TA.0000000000003551,Pilot study,"Ignore03_NHLBI exclusion document, category headings","Guyette, Frank X; Zenati, Mazen; Triulzi, Darrell J; Yazer, Mark H; Skroczky, Hunter; Early, Barbara J; Adams, Peter W; Brown, Joshua B; Alarcon, Louis; Neal, Matthew D; Forsythe, Raquel M; Zuckerbraun, Brian S; Peitzman, Andrew B; Billiar, Timothy R; Sperry, Jason L"
33888536,Lyden2021,"Lyden, Kate",2021,Targeting Sedentary Behavior in CKD: A Pilot and Feasibility Randomized  Controlled Trial,Clin J Am Soc Nephrol,16,5,717-726,10.2215/CJN.12300720,Pilot study,"Ignore03_NHLBI exclusion document, category headings","Lyden, Kate; Boucher, Robert; Wei, Guo; Zhou, Na; Christensen, Jesse; Chertow, Glenn M; Greene, Tom; Beddhu, Srinivasan"
35995130,ODonoghue2022,"O'Donoghue, Julia",2022,Strategies to improve the recruitment and retention of underserved children and  families in clinical trials: A case example of a school-supervised asthma therapy  pilot,Contemp Clin Trials,120,,106884,10.1016/j.cct.2022.106884,Pilot study,"Ignore03_NHLBI exclusion document, category headings","O'Donoghue, Julia; Luther, Janki; Hoque, Shushmita; Mizrahi, Raphael; Spano, Michelle; Frisard, Christine; Garg, Arvin; Crawford, Sybil; Byatt, Nancy; Lemon, Stephenie C; Rosal, Milagros; Pbert, Lori; Trivedi, Michelle"
40036036,Ogungbe2025,"Ogungbe, Oluwabunmi",2025,A Virtual Cardiometabolic Health Program Among African Immigrants in the US: A  Pilot Cluster-Randomized Clinical Trial,JAMA Netw Open,8,3,e2462559,10.1001/jamanetworkopen.2024.62559,Pilot study,"Ignore03_NHLBI exclusion document, category headings","Ogungbe, Oluwabunmi; Hinneh, Thomas; Turkson-Ocran, Ruth-Alma N; Owusu, Loretta; Kumbe, Baridosia; Spaulding, Erin M; Gbaba, Serina; Assani-Uva, Adeline; Mensah, Jasmine; Yeboah-Kordieh, Yvette; Sinyan, Aminata; Ampofo, Margaret; Oyedepo, Faith; Commodore-Mensah, Yvonne"
40848030,Trivedi2025,"Trivedi, Michelle",2025,A Pilot Pragmatic Cluster Randomized Trial of School-Supervised Therapy to  Improve Pediatric Asthma Control,J Allergy Clin Immunol Pract,13,11,2980-2990.e4,10.1016/j.jaip.2025.07.022,Pilot study,"Ignore03_NHLBI exclusion document, category headings","Trivedi, Michelle; Spano, Michelle; Frisard, Christine; Crawford, Sybil; Ryan, Grace; Goulding, Melissa; Radu, Sonia; Arenas, Juliana; Becker, Sarah; Al-Halbouni, Layana; Alter, Jordan; Byatt, Nancy; Phipatanakul, Wanda; Rosal, Milagros C; Lemon, Stephenie C; Gerald, Lynn B; Pbert, Lori"
41256558,Chapnick2025,"Chapnick, Melissa",2025,Early-life nutrition supplementation and epigenetic age in middle-adulthood among  Guatemalan adults,bioRxiv,,,,10.1101/2025.09.25.678652,Preprints,"Ignore03_NHLBI exclusion document, category headings","Chapnick, Melissa; Yu, Elaine A; Smith, Alicia K; Conneely, Karen N; Ramírez-Zea, Manuel; Qin, Zhaohui; Staimez, Lisa R; Vaccarino, Viola; Stein, Aryeh D"
41041560,Fung2025,"Fung, Constance",2025,Protocol for a multi-site randomized trial testing an integrated behavioral  treatment for improving nocturia and insomnia symptoms in older adults (MINT),Res Sq,,,,10.21203/rs.3.rs-7330051/v1,Preprints,"Ignore03_NHLBI exclusion document, category headings","Fung, Constance; Bolstad, Courtney J; Huang, Alison; Markland, Alayne; Cheng, Jing; Alessi, Cathy; Johnson, Theodore M 2nd; Bliwise, Donald L; Burgio, Kathryn L; Martin, Jennifer L; Schembri, Michael; Der-McLeod, Erin; Sergent, Taressa; Vaughan, Camille"
40630601,Kahan2025,"Kahan, Brennan C",2025,Development of a consensus extension of the estimands framework for cluster  randomised trials (CRT-estimands): results from an international Delphi study,medRxiv,,,,10.1101/2025.07.03.25330799,Preprints,"Ignore03_NHLBI exclusion document, category headings","Kahan, Brennan C; Bahti, Melanie; Bi, Dongquan; Bretz, Frank; Collins, Gary S; Copas, Andrew; Harhay, Michael O; Li, Fan; Auriemma, Catherine L"
30572161,Adams2019,"Adams, Marc A",2019,Design and rationale for evaluating salad bars and students' fruit and vegetable  consumption: A cluster randomized factorial trial with objective assessments,Contemp Clin Trials,77,,37-45,10.1016/j.cct.2018.12.007,Protocol paper (with results in search),"Ignore03_NHLBI exclusion document, category headings","Adams, Marc A; Ohri-Vachaspati, Punam; Richards, Timothy J; Todd, Michael; Bruening, Meg"
31719084,Catley2019,"Catley, Delwyn",2019,Adapting the Diabetes Prevention Program for low and middle-income countries:  protocol for a cluster randomised trial to evaluate 'Lifestyle Africa',BMJ Open,9,11,e031400,10.1136/bmjopen-2019-031400,Protocol paper (with results in search),"Ignore03_NHLBI exclusion document, category headings","Catley, Delwyn; Puoane, Thandi; Tsolekile, Lungiswa; Resnicow, Ken; Fleming, Kandace; Hurley, Emily A; Smyth, Joshua M; Vitolins, Mara Z; Lambert, Estelle V; Levitt, Naomi; Goggin, Kathy"
32526534,Cooper2020,"Cooper, Lisa A",2020,The RICH LIFE Project: A cluster randomized pragmatic trial comparing the  effectiveness of health system only vs. health system Plus a  collaborative/stepped care intervention to reduce hypertension disparities,Am Heart J,226,,94-113,10.1016/j.ahj.2020.05.001,Protocol paper (with results in search),"Ignore03_NHLBI exclusion document, category headings","Cooper, Lisa A; Marsteller, Jill A; Carson, Kathryn A; Dietz, Katherine B; Boonyasai, Romsai T; Alvarez, Carmen; Ibe, Chidinma A; Crews, Deidra C; Yeh, Hsin-Chieh; Miller, Edgar R 3rd; Dennison-Himmelfarb, Cheryl R; Lubomski, Lisa H; Purnell, Tanjala S; Hill-Briggs, Felicia; Wang, Nae-Yuh"
29128650,HenninkKaminski2018,"Hennink-Kaminski, Heidi",2018,"Parent and child care provider partnerships: Protocol for the Healthy Me, Healthy  We (HMHW) cluster randomized control trial",Contemp Clin Trials,64,,49-57,10.1016/j.cct.2017.11.007,Protocol paper (with results in search),"Ignore03_NHLBI exclusion document, category headings","Hennink-Kaminski, Heidi; Vaughn, Amber E; Hales, Derek; Moore, Reneé H; Luecking, Courtney T; Ward, Dianne S"
34534488,Jeemon2021,"Jeemon, Panniyammakal",2021,"Efficacy of a family-based cardiovascular risk reduction intervention in  individuals with a family history of premature coronary heart disease in India  (PROLIFIC): an open-label, single-centre, cluster randomised controlled trial",Lancet Glob Health,9,10,e1442-e1450,10.1016/S2214-109X(21)00319-3,Protocol paper (with results in search),"Ignore03_NHLBI exclusion document, category headings","Jeemon, Panniyammakal; Harikrishnan, Sivadasanpillai; Ganapathi, Sanjay; Sivasankaran, Sivasubramonian; Binukumar, Bhaskarapillai; Padmanabhan, Sandosh; Tandon, Nikhil; Prabhakaran, Dorairaj"
33706002,Pbert2021,"Pbert, Lori",2021,Supporting families of children with overweight and obesity to live healthy  lifestyles: Design and rationale for the Fitline cluster randomized controlled  pediatric practice-based trial,Contemp Clin Trials,104,,106348,10.1016/j.cct.2021.106348,Protocol paper (with results in search),"Ignore03_NHLBI exclusion document, category headings","Pbert, Lori; Trivedi, Michelle; Druker, Susan; Bram, Jennifer; Olendzki, Barbara; Crawford, Sybil; Frisard, Christine; Andersen, Victoria; Waring, Molly E; Clements, Karen; Schneider, Kristin; Geller, Alan C"
32316993,Reza2020,"Reza, Tania F",2020,Study protocol: a cluster randomized trial to evaluate the effectiveness and  implementation of onsite GeneXpert testing at community health centers in Uganda  (XPEL-TB),Implement Sci,15,1,24,10.1186/s13012-020-00988-y,Protocol paper (with results in search),"Ignore03_NHLBI exclusion document, category headings","Reza, Tania F; Nalugwa, Talemwa; Farr, Katherine; Nantale, Mariam; Oyuku, Denis; Nakaweesa, Annet; Musinguzi, Johnson; Vangala, Moksha; Shete, Priya B; Tucker, Austin; Ferguson, Olivia; Fielding, Katherine; Sohn, Hojoon; Dowdy, David; Moore, David A J; Davis, J Lucian; Ackerman, Sara L; Handley, Margaret A; Katamba, Achilles; Cattamanchi, Adithya"
30999881,Risica2019,"Risica, Patricia Markham",2019,"Improving nutrition and physical activity environments of family child care  homes: the rationale, design and study protocol of the 'Healthy Start/Comienzos  Sanos' cluster randomized trial",BMC Public Health,19,1,419,10.1186/s12889-019-6704-6,Protocol paper (with results in search),"Ignore03_NHLBI exclusion document, category headings","Risica, Patricia Markham; Tovar, Alison; Palomo, Vanessa; Dionne, Laura; Mena, Noereem; Magid, Kate; Ward, Diane Stanton; Gans, Kim M"
30244209,Shea2018,"Shea, Judy A",2018,Development of the individualised Comparative Effectiveness of Models Optimizing  Patient Safety and Resident Education (iCOMPARE) trial: a protocol summary of a  national cluster-randomised trial of resident duty hour policies in internal  medicine,BMJ Open,8,9,e021711,10.1136/bmjopen-2018-021711,Protocol paper (with results in search),"Ignore03_NHLBI exclusion document, category headings","Shea, Judy A; Silber, Jeffrey H; Desai, Sanjay V; Dinges, David F; Bellini, Lisa M; Tonascia, James; Sternberg, Alice L; Small, Dylan S; Shade, David M; Katz, Joel Thorp; Basner, Mathias; Chaiyachati, Krisda H; Even-Shoshan, Orit; Bates, David Westfall; Volpp, Kevin G; Asch, David A"
38378704,AnteTestard2024,"Ante-Testard, Pearl Anne",2024,WASH interventions and child diarrhea at the interface of climate and  socioeconomic position in Bangladesh,Nat Commun,15,1,1556,10.1038/s41467-024-45624-1,Secondary data analysis,"Ignore03_NHLBI exclusion document, category headings","Ante-Testard, Pearl Anne; Rerolle, Francois; Nguyen, Anna T; Ashraf, Sania; Parvez, Sarker Masud; Naser, Abu Mohammed; Benmarhnia, Tarik; Rahman, Mahbubur; Luby, Stephen P; Benjamin-Chung, Jade; Arnold, Benjamin F"
33008455,Asante2020,"Asante, Kwaku Poku",2020,Uptake of Task-Strengthening Strategy for Hypertension (TASSH) control within  Community-Based Health Planning Services in Ghana: study protocol for a cluster  randomized controlled trial,Trials,21,1,825,10.1186/s13063-020-04667-7,Secondary data analysis,"Ignore03_NHLBI exclusion document, category headings","Asante, Kwaku Poku; Iwelunmor, Juliet; Apusiga, Kingsley; Gyamfi, Joyce; Nyame, Solomon; Adjei, Kezia Gladys Amaning; Aifah, Angela; Adjei, Kwame; Onakomaiya, Deborah; Chaplin, William F; Ogedegbe, Gbenga; Plange-Rhule, Jacob"
37391738,Atlas2023,"Atlas, Steven J",2023,Screening for undiagnosed atrial fibrillation using a single-lead  electrocardiogram at primary care visits: patient uptake and practitioner  perspectives from the VITAL-AF trial,BMC Prim Care,24,1,135,10.1186/s12875-023-02087-5,Secondary data analysis,"Ignore03_NHLBI exclusion document, category headings","Atlas, Steven J; Ashburner, Jeffrey M; Chang, Yuchiao; Borowsky, Leila H; Ellinor, Patrick T; McManus, David D; Lubitz, Steven A; Singer, Daniel E"
30502778,Augustovski2018,"Augustovski, Federico",2018,Cost-Effectiveness of a Comprehensive Approach for Hypertension Control in  Low-Income Settings in Argentina: Trial-Based Analysis of the Hypertension  Control Program in Argentina,Value Health,21,12,1357-1364,10.1016/j.jval.2018.06.003,Secondary data analysis,"Ignore03_NHLBI exclusion document, category headings","Augustovski, Federico; Chaparro, Martín; Palacios, Alfredo; Shi, Lizheng; Beratarrechea, Andrea; Irazola, Vilma; Rubinstein, Adolfo; Mills, Katherine; He, Jiang; Pichon Riviere, Andrés"
34212181,Baik2022,"Baik, Yeonsoo",2022,Conditional Cash Transfers to Incentivize Tuberculosis Screening: Description of  a Novel Strategy for Contact Investigation in Rural South Africa,Clin Infect Dis,74,6,957-964,10.1093/cid/ciab601,Secondary data analysis,"Ignore03_NHLBI exclusion document, category headings","Baik, Yeonsoo; Hanrahan, Colleen F; Mmolawa, Lesego; Nonyane, Bareng A S; Albaugh, Nicholas W; Lebina, Limakatso; Siwelana, Tsundzukani; Martinson, Neil; Dowdy, David W"
31581416,Barrington2019,"Barrington, Wendy E",2019,"Eating Occasions, Obesity and Related Behaviors in Working Adults: Does it Matter  When You Snack?",Nutrients,11,10,,10.3390/nu11102320,Secondary data analysis,"Ignore03_NHLBI exclusion document, category headings","Barrington, Wendy E; Beresford, Shirley A A"
28987341,Beets2018,"Beets, Michael W",2018,Economic evaluation of a group randomized controlled trial on healthy eating and  physical activity in afterschool programs,Prev Med,106,,60-65,10.1016/j.ypmed.2017.10.003,Secondary data analysis,"Ignore03_NHLBI exclusion document, category headings","Beets, Michael W; Brazendale, Keith; Glenn Weaver, R; Turner-McGrievy, Gabrielle M; Huberty, Jennifer; Moore, Justin B; Mahmud Khan, M; Ward, Dianne S"
38965434,BenjaminChung2024,"Benjamin-Chung, Jade",2024,Extension of efficacy range for targeted malaria-elimination interventions due to  spillover effects,Nat Med,30,10,2813-2820,10.1038/s41591-024-03134-z,Secondary data analysis,"Ignore03_NHLBI exclusion document, category headings","Benjamin-Chung, Jade; Li, Haodong; Nguyen, Anna; Barratt Heitmann, Gabriella; Bennett, Adam; Ntuku, Henry; Prach, Lisa M; Tambo, Munyaradzi; Wu, Lindsey; Drakeley, Chris; Gosling, Roly; Mumbengegwi, Davis; Kleinschmidt, Immo; Smith, Jennifer L; Hubbard, Alan; van der Laan, Mark; Hsiang, Michelle S"
37847273,Blue2023,"Blue, Laura",2023,"Effects of the Million Hearts Model on Myocardial Infarctions, Strokes, and  Medicare Spending: A Randomized Clinical Trial",JAMA,330,15,1437-1447,10.1001/jama.2023.19597,Secondary data analysis,"Ignore03_NHLBI exclusion document, category headings","Blue, Laura; Kranker, Keith; Markovitz, Amanda R; Powell, Rhea E; Williams, Malcolm V; Pu, Jia; Magid, David J; McCall, Nancy; Steiner, Allison; Stewart, Kate A; Rollison, Julia M; Markovich, Patricia; Peterson, G Greg"
31425171,Blyler2019,"Blyler, Ciantel A",2019,Sustainability of blood pressure reduction in black barbershops,Curr Opin Cardiol,34,6,693-699,10.1097/HCO.0000000000000674,Secondary data analysis,"Ignore03_NHLBI exclusion document, category headings","Blyler, Ciantel A; Rader, Florian"
37704387,Boston2023,"Boston, David",2023,Does Clinical Decision Support Increase Appropriate Medication Prescribing for  Cardiovascular Risk Reduction?,J Am Board Fam Med,36,5,777-788,10.3122/jabfm.2022.220391R2,Secondary data analysis,"Ignore03_NHLBI exclusion document, category headings","Boston, David; Larson, Annie E; Sheppler, Christina R; O'Connor, Patrick J; Sperl-Hillen, JoAnn M; Hauschildt, Jennifer; Gold, Rachel"
28299947,Bray2018,"Bray, Jeremy W",2018,"Effects of a Flexibility/Support Intervention on Work Performance: Evidence From  the Work, Family, and Health Network",Am J Health Promot,32,4,963-970,10.1177/0890117117696244,Secondary data analysis,"Ignore03_NHLBI exclusion document, category headings","Bray, Jeremy W; Hinde, Jesse M; Kaiser, David J; Mills, Michael J; Karuntzos, Georgia T; Genadek, Katie R; Kelly, Erin L; Kossek, Ellen E; Hurtado, David A"
31518936,Carrion2019,"Carrión, Daniel",2019,Examining the relationship between household air pollution and infant microbial  nasal carriage in a Ghanaian cohort,Environ Int,133,Pt A,105150,10.1016/j.envint.2019.105150,Secondary data analysis,"Ignore03_NHLBI exclusion document, category headings","Carrión, Daniel; Kaali, Seyram; Kinney, Patrick L; Owusu-Agyei, Seth; Chillrud, Steven; Yawson, Abena K; Quinn, Ashlinn; Wylie, Blair; Ae-Ngibise, Kenneth; Lee, Alison G; Tokarz, Rafal; Iddrisu, Luisa; Jack, Darby W; Asante, Kwaku Poku"
35880872,Cashen2022,"Cashen, Katherine",2022,Sodium Bicarbonate Use During Pediatric Cardiopulmonary Resuscitation: A  Secondary Analysis of the ICU-RESUScitation Project Trial,Pediatr Crit Care Med,23,10,784-792,10.1097/PCC.0000000000003045,Secondary data analysis,"Ignore03_NHLBI exclusion document, category headings","Cashen, Katherine; Reeder, Ron W; Ahmed, Tageldin; Bell, Michael J; Berg, Robert A; Burns, Candice; Carcillo, Joseph A; Carpenter, Todd C; Dean, J Michael; Diddle, J Wesley; Federman, Myke; Fink, Ericka L; Frazier, Aisha H; Friess, Stuart H; Graham, Kathryn; Hall, Mark; Hehir, David A; Horvat, Christopher M; Huard, Leanna L; Maa, Tensing; Manga, Arushi; McQuillen, Patrick S; Morgan, Ryan W; Mourani, Peter M; Nadkarni, Vinay M; Naim, Maryam Y; Notterman, Daniel; Palmer, Chella A; Pollack, Murray M; Schneiter, Carleen; Sharron, Matthew P; Srivastava, Neeraj; Wessel, David; Wolfe, Heather A; Yates, Andrew R; Zuppa, Athena F; Sutton, Robert M; Meert, Kathleen L"
37625580,Cashen2023,"Cashen, Katherine",2023,Association of CPR simulation program characteristics with simulated and actual  performance during paediatric in-hospital cardiac arrest,Resuscitation,191,,109939,10.1016/j.resuscitation.2023.109939,Secondary data analysis,"Ignore03_NHLBI exclusion document, category headings","Cashen, Katherine; Sutton, Robert M; Reeder, Ron W; Ahmed, Tageldin; Bell, Michael J; Berg, Robert A; Bishop, Robert; Bochkoris, Matthew; Burns, Candice; Carcillo, Joseph A; Carpenter, Todd C; Wesley Diddle, J; Federman, Myke; Fink, Ericka L; Franzon, Deborah; Frazier, Aisha H; Friess, Stuart H; Graham, Kathryn; Hall, Mark; Hehir, David A; Horvat, Christopher M; Huard, Leanna L; Maa, Tensing; Manga, Arushi; McQuillen, Patrick S; Morgan, Ryan W; Mourani, Peter M; Nadkarni, Vinay M; Naim, Maryam Y; Notterman, Daniel; Palmer, Chella A; Pollack, Murray M; Sapru, Anil; Schneiter, Carleen; Sharron, Matthew P; Srivastava, Neeraj; Viteri, Shirley; Wolfe, Heather A; Yates, Andrew R; Zuppa, Athena F; Meert, Kathleen L"
30985861,Chaiyachati2019,"Chaiyachati, Krisda H",2019,Assessment of Inpatient Time Allocation Among First-Year Internal Medicine  Residents Using Time-Motion Observations,JAMA Intern Med,179,6,760-767,10.1001/jamainternmed.2019.0095,Secondary data analysis,"Ignore03_NHLBI exclusion document, category headings","Chaiyachati, Krisda H; Shea, Judy A; Asch, David A; Liu, Manqing; Bellini, Lisa M; Dine, C Jessica; Sternberg, Alice L; Gitelman, Yevgeniy; Yeager, Alyssa M; Asch, Jeremy M; Desai, Sanjay V"
39030063,Chay2024,"Chay, Junxing",2024,Cost-effectiveness of group medical visits and microfinance interventions versus  usual care to manage hypertension in Kenya: a secondary modelling analysis of  data from the Bridging Income Generation with Group Integrated Care (BIGPIC)  trial,Lancet Glob Health,12,8,e1331-e1342,10.1016/S2214-109X(24)00188-8,Secondary data analysis,"Ignore03_NHLBI exclusion document, category headings","Chay, Junxing; Su, Rebecca J; Kamano, Jemima H; Andama, Benjamin; Bloomfield, Gerald S; Delong, Allison K; Horowitz, Carol R; Menya, Diana; Mugo, Richard; Orango, Vitalis; Pastakia, Sonak D; Wanyonyi, Cleophas; Vedanthan, Rajesh; Finkelstein, Eric A"
38713063,Cheng2023,"Cheng, Jessica",2023,Effect of an mHealth weight loss intervention on Healthy Eating Index diet  quality: the SMARTER randomised controlled trial,Br J Nutr,130,11,2013-2021,10.1017/S0007114523001137,Secondary data analysis,"Ignore03_NHLBI exclusion document, category headings","Cheng, Jessica; Costacou, Tina; Sereika, Susan M; Conroy, Molly B; Parmanto, Bambang; Rockette-Wagner, Bonny; Kriska, Andrea M; Klem, Mary Lou; Burke, Lora E"
37015338,Cohen2023,"Cohen, Michael G",2023,Primary Palliative Care Improves Uptake of Advance Care Planning Among Patients  With Advanced Cancers,J Natl Compr Canc Netw,21,4,383-390,10.6004/jnccn.2023.7002,Secondary data analysis,"Ignore03_NHLBI exclusion document, category headings","Cohen, Michael G; Althouse, Andrew D; Arnold, Robert M; White, Douglas; Chu, Edward; Rosenzweig, Margaret; Smith, Kenneth J; Schenker, Yael"
38506828,Daouda2024,"Daouda, Misbath",2024,Prenatal Household Air Pollution Exposure and Childhood Blood Pressure in Rural  Ghana,Environ Health Perspect,132,3,37006,10.1289/EHP13225,Secondary data analysis,"Ignore03_NHLBI exclusion document, category headings","Daouda, Misbath; Kaali, Seyram; Spring, Emma; Mujtaba, Mohammed N; Jack, Darby; Dwommoh Prah, Rebecca Kyerewaa; Colicino, Elena; Tawiah, Theresa; Gennings, Chris; Osei, Musah; Janevic, Teresa; Chillrud, Steven N; Agyei, Oscar; Gould, Carlos F; Lee, Alison G; Asante, Kwaku Poku"
35998864,Davis2023,"Davis, Jaimie N",2023,Effects of a School-Based Garden Program on Academic Performance: A Cluster  Randomized Controlled Trial,J Acad Nutr Diet,123,4,637-642,10.1016/j.jand.2022.08.125,Secondary data analysis,"Ignore03_NHLBI exclusion document, category headings","Davis, Jaimie N; Nikah, Katie; Landry, Matthew J; Vandyousefi, Sarvenaz; Ghaddar, Reem; Jeans, Matthew; Cooper, Michele Hockett; Martin, Bonnie; Waugh, Lyndsey; Sharma, Shreela V; van den Berg, Alexandra E"
36626172,Davis2023a,"Davis, Jaimie N",2023,"Effects of a School-Based Nutrition, Gardening, and Cooking Intervention on  Metabolic Parameters in High-risk Youth: A Secondary Analysis of a Cluster  Randomized Clinical Trial",JAMA Netw Open,6,1,e2250375,10.1001/jamanetworkopen.2022.50375,Secondary data analysis,"Ignore03_NHLBI exclusion document, category headings","Davis, Jaimie N; Landry, Matthew J; Vandyousefi, Sarvenaz; Jeans, Matthew R; Hudson, Erin A; Hoelscher, Deanna M; van den Berg, Alexandra E; Pérez, Adriana"
37678381,Federman2024,"Federman, Myke",2024,Survival With Favorable Neurologic Outcome and Quality of Cardiopulmonary  Resuscitation Following In-Hospital Cardiac Arrest in Children With Cardiac  Disease Compared With Noncardiac Disease,Pediatr Crit Care Med,25,1,4-14,10.1097/PCC.0000000000003368,Secondary data analysis,"Ignore03_NHLBI exclusion document, category headings","Federman, Myke; Sutton, Robert M; Reeder, Ron W; Ahmed, Tageldin; Bell, Michael J; Berg, Robert A; Bishop, Robert; Bochkoris, Matthew; Burns, Candice; Carcillo, Joseph A; Carpenter, Todd C; Dean, J Michael; Diddle, J Wesley; Fernandez, Richard; Fink, Ericka L; Franzon, Deborah; Frazier, Aisha H; Friess, Stuart H; Graham, Kathryn; Hall, Mark; Hehir, David A; Horvat, Christopher M; Huard, Leanna L; Kirkpatrick, Theresa; Maa, Tensing; Maitoza, Laura A; Manga, Arushi; McQuillen, Patrick S; Meert, Kathleen L; Morgan, Ryan W; Mourani, Peter M; Nadkarni, Vinay M; Notterman, Daniel; Palmer, Chella A; Pollack, Murray M; Sapru, Anil; Schneiter, Carleen; Sharron, Matthew P; Srivastava, Neeraj; Tilford, Bradley; Viteri, Shirley; Wessel, David; Wolfe, Heather A; Yates, Andrew R; Zuppa, Athena F; Naim, Maryam Y"
34088381,Gelfman2021,"Gelfman, Laura P",2021,Non-Concordance between Patient and Clinician Estimates of Prognosis in Advanced  Heart Failure,J Card Fail,27,6,700-705,10.1016/j.cardfail.2021.03.005,Secondary data analysis,"Ignore03_NHLBI exclusion document, category headings","Gelfman, Laura P; Mather, Harriet; McKendrick, Karen; Wong, Angela Y; Hutchinson, Mathew D; Lampert, Rachel J; Lipman, Hannah I; Matlock, Daniel D; Swetz, Keith M; Pinney, Sean P; Morrison, R Sean; Goldstein, Nathan E"
39575559,Gerstenfeld2024,"Gerstenfeld, Leslie",2024,The impact of a water promotion and access intervention on elementary school  students in the presence of food insecurity,Public Health Nutr,28,1,e2,10.1017/S1368980024002283,Secondary data analysis,"Ignore03_NHLBI exclusion document, category headings","Gerstenfeld, Leslie; Blacker, Lauren; McCulloch, Charles E; Ritchie, Lorrene D; Ordonez, Valeria M; Schmidt, Laura; Patel, Anisha I"
28899842,Goldstein2018,"Goldstein, Nicolas P N",2018,Identifying Which Urban Children With Asthma Benefit Most From Clinician  Prompting: Subgroup Analyses From the Prompting Asthma Intervention in  Rochester-Uniting Parents and Providers (PAIR-UP) Trial,Acad Pediatr,18,3,305-309,10.1016/j.acap.2017.08.015,Secondary data analysis,"Ignore03_NHLBI exclusion document, category headings","Goldstein, Nicolas P N; Frey, Sean M; Fagnano, Maria; Okelo, Sande O; Halterman, Jill S"
36634022,Graham2023,"Graham, Andrea K",2023,Moderators and mediators of a digital cognitive behavior therapy-guided self-help  intervention for eating disorders: Informing future design efforts,J Consult Clin Psychol,91,5,280-284,10.1037/ccp0000786,Secondary data analysis,"Ignore03_NHLBI exclusion document, category headings","Graham, Andrea K; Fitzsimmons-Craft, Ellen E; Sadeh-Sharvit, Shiri; Balantekin, Katherine N; Eichen, Dawn M; Firebaugh, Marie-Laure; Goel, Neha J; Monterubio, Grace E; Karam, Anna M; Flatt, Rachael E; Jo, Booil; Jacobi, Corinna; Wilfley, Denise E; Taylor, C Barr; Trockel, Mickey"
38110183,Haushalter2024,"Haushalter, Keally",2024,An Increase in Food Insecurity Correlated with an Increase in Plasma  Triglycerides among Latinx Children,J Nutr,154,2,565-573,10.1016/j.tjnut.2023.12.024,Secondary data analysis,"Ignore03_NHLBI exclusion document, category headings","Haushalter, Keally; Burgermaster, Marissa; Hudson, Erin; Landry, Matthew J; Sharma, Shreela V; Davis, Jaimie N"
33519155,Ibe2021,"Ibe, Chidinma A",2021,Social Determinants of Health as Potential Influencers of a Collaborative Care  Intervention for Patients with Hypertension,Ethn Dis,31,1,47-56,10.18865/ed.31.1.47,Secondary data analysis,"Ignore03_NHLBI exclusion document, category headings","Ibe, Chidinma A; Alvarez, Carmen; Carson, Kathryn A; Marsteller, Jill A; Crews, Deidra C; Dietz, Katherine B; Greer, Raquel C; Bone, Lee; Cooper, Lisa A"
37116658,Jeans2023,"Jeans, Matthew R",2023,"Effects of a School-Based Gardening, Cooking, and Nutrition Cluster Randomized  Controlled Trial on Unprocessed and Ultra-Processed Food Consumption",J Nutr,153,7,2073-2084,10.1016/j.tjnut.2023.04.013,Secondary data analysis,"Ignore03_NHLBI exclusion document, category headings","Jeans, Matthew R; Landry, Matthew J; Vandyousefi, Sarvenaz; Hudson, Erin A; Burgermaster, Marissa; Bray, Molly S; Chandra, Joya; Davis, Jaimie N"
35618247,Jennerich2022,"Jennerich, Ann L",2022,Heterogeneity of Treatment Effect in a Randomized Trial of a Communication  Intervention,J Pain Symptom Manage,64,3,298-303,10.1016/j.jpainsymman.2022.05.006,Secondary data analysis,"Ignore03_NHLBI exclusion document, category headings","Jennerich, Ann L; Downey, Lois; Engelberg, Ruth A; Curtis, J Randall"
38542716,Jia2024,"Jia, Jenny",2024,Effect of a Multicomponent Food Pantry Intervention in Client Subgroups,Nutrients,16,6,,10.3390/nu16060805,Secondary data analysis,"Ignore03_NHLBI exclusion document, category headings","Jia, Jenny; Gombi-Vaca, Maria F; Bliss Barsness, Christina; Peterson, Hikaru; Pratt, Rebekah; Wolfson, Julian; Caspi, Caitlin E"
37245146,Jiang2023a,"Jiang, Qianxia",2023,Nutrition Practices of Family Child Care Home Providers and Children's Diet  Quality,J Nutr Educ Behav,55,7,480-492,10.1016/j.jneb.2023.03.005,Secondary data analysis,"Ignore03_NHLBI exclusion document, category headings","Jiang, Qianxia; Risica, Patricia Markham; Tovar, Alison; Cooksey Stowers, Kristen; Schwartz, Marlene B; Lombardi, Caitlin; Gans, Kim"
40344380,Justiz2025,"Jústiz, Amanda M",2025,Associations between healthy eating index and anthropometric outcomes in  multiethnic elementary-aged children,Pediatr Obes,20,8,e70018,10.1111/ijpo.70018,Secondary data analysis,"Ignore03_NHLBI exclusion document, category headings","Jústiz, Amanda M; Landry, Matthew J; Davis, Jaimie N"
40622382,Kiggundu2025,"Kiggundu, John Baptist",2025,Early findings from the integration of hypertension care into differentiated  service delivery models for HIV in Uganda: a mixed-method study,J Int AIDS Soc,28 Suppl 3,Suppl 3,e26499,10.1002/jia2.26499,Secondary data analysis,"Ignore03_NHLBI exclusion document, category headings","Kiggundu, John Baptist; Semitala, Fred C; Lipoto, Chelsea Faith; Giibwa, Lilian; Twine, Robert; Mwaka, Savio; Ayebare, Florence; Kiwala, Christine; Magambo, Evelyn N; Mutungi, Gerald; Ssinabulya, Isaac; Spiegelman, Donna; Kayima, James; Muddu, Martin; Schwartz, Jeremy I; Katahoire, Anne R; Longenecker, Chris T"
32579812,Landrigan2020,"Landrigan, Christopher P",2020,Effect on Patient Safety of a Resident Physician Schedule without 24-Hour Shifts,N Engl J Med,382,26,2514-2523,10.1056/NEJMoa1900669,Secondary data analysis,"Ignore03_NHLBI exclusion document, category headings","Landrigan, Christopher P; Rahman, Shadab A; Sullivan, Jason P; Vittinghoff, Eric; Barger, Laura K; Sanderson, Amy L; Wright, Kenneth P Jr; O'Brien, Conor S; Qadri, Salim; St Hilaire, Melissa A; Halbower, Ann C; Segar, Jeffrey L; McGuire, John K; Vitiello, Michael V; de la Iglesia, Horacio O; Poynter, Sue E; Yu, Pearl L; Zee, Phyllis C; Lockley, Steven W; Stone, Katie L; Czeisler, Charles A"
30256656,Lee2019,"Lee, Alison G",2019,"Prenatal Household Air Pollution Is Associated with Impaired Infant Lung Function  with Sex-Specific Effects. Evidence from GRAPHS, a Cluster Randomized Cookstove  Intervention Trial",Am J Respir Crit Care Med,199,6,738-746,10.1164/rccm.201804-0694OC,Secondary data analysis,"Ignore03_NHLBI exclusion document, category headings","Lee, Alison G; Kaali, Seyram; Quinn, Ashlinn; Delimini, Rupert; Burkart, Katrin; Opoku-Mensah, Jones; Wylie, Blair J; Yawson, Abena Konadu; Kinney, Patrick L; Ae-Ngibise, Kenneth A; Chillrud, Steven; Jack, Darby; Asante, Kwaku Poku"
35443809,Lombardo2022,"Lombardo, Sarah",2022,Balanced Crystalloid versus Saline in Adults with Traumatic Brain Injury:  Secondary Analysis of a Clinical Trial,J Neurotrauma,39,17-18,1159-1167,10.1089/neu.2021.0465,Secondary data analysis,"Ignore03_NHLBI exclusion document, category headings","Lombardo, Sarah; Smith, Michael C; Semler, Matthew W; Wang, Li; Dear, Mary Lynn; Lindsell, Christopher J; Freundlich, Robert E; Guillamondegui, Oscar D; Self, Wesley H; Rice, Todd W"
38087831,Loucka2024,"Loučka, Martin",2024,Hope and illness expectations: A cross-sectional study in patients with advanced  cancer,Palliat Med,38,1,131-139,10.1177/02692163231214422,Secondary data analysis,"Ignore03_NHLBI exclusion document, category headings","Loučka, Martin; Althouse, Andrew D; Arnold, Robert M; Smith, Thomas J; Smith, Kenneth J; White, Douglas B; Rosenzweig, Margaret Q; Schenker, Yael"
31831384,Luecking2020,"Luecking, Courtney T",2020,Contributions of Early Care and Education Programs to Diet Quality in Children  Aged 3 to 4 Years in Central North Carolina,J Acad Nutr Diet,120,3,386-394,10.1016/j.jand.2019.09.018,Secondary data analysis,"Ignore03_NHLBI exclusion document, category headings","Luecking, Courtney T; Mazzucca, Stephanie; Vaughn, Amber E; Ward, Dianne S"
32605881,Mamun2020,"Mamun, Abdullah",2020,Reducing metabolic syndrome through a community-based lifestyle intervention in  African American women,Nutr Metab Cardiovasc Dis,30,10,1785-1794,10.1016/j.numecd.2020.06.005,Secondary data analysis,"Ignore03_NHLBI exclusion document, category headings","Mamun, Abdullah; Kitzman, Heather; Dodgen, Leilani"
30646139,Margolis2018,"Margolis, Karen L",2018,Long-term Outcomes of the Effects of Home Blood Pressure Telemonitoring and  Pharmacist Management on Blood Pressure Among Adults With Uncontrolled  Hypertension: Follow-up of a Cluster Randomized Clinical Trial,JAMA Netw Open,1,5,e181617,10.1001/jamanetworkopen.2018.1617,Secondary data analysis,"Ignore03_NHLBI exclusion document, category headings","Margolis, Karen L; Asche, Stephen E; Dehmer, Steven P; Bergdall, Anna R; Green, Beverly B; Sperl-Hillen, JoAnn M; Nyboer, Rachel A; Pawloski, Pamala A; Maciosek, Michael V; Trower, Nicole K; O'Connor, Patrick J"
32862713,Margolis2020,"Margolis, Karen L",2020,Cardiovascular Events and Costs With Home Blood Pressure Telemonitoring and  Pharmacist Management for Uncontrolled Hypertension,Hypertension,76,4,1097-1103,10.1161/HYPERTENSIONAHA.120.15492,Secondary data analysis,"Ignore03_NHLBI exclusion document, category headings","Margolis, Karen L; Dehmer, Steven P; Sperl-Hillen, JoAnn; O'Connor, Patrick J; Asche, Stephen E; Bergdall, Anna R; Green, Beverly B; Nyboer, Rachel A; Pawloski, Pamala A; Trower, Nicole K; Maciosek, Michael V"
38583583,Masters2024,"Masters, Grace A",2024,"Association of perinatal depression and postpartum contraception intent, choice,  and actual use",Contraception,135,,110447,10.1016/j.contraception.2024.110447,Secondary data analysis,"Ignore03_NHLBI exclusion document, category headings","Masters, Grace A; Julce, Clevanne; Carroll, Smita; Person, Sharina D; Allison, Jeroan; Byatt, Nancy; Moore Simas, Tiffany A"
32428430,Matlock2020,"Matlock, Daniel D",2020,Decision Aid Implementation among Left Ventricular Assist Device Programs  Participating in the DECIDE-LVAD Stepped-Wedge Trial,Med Decis Making,40,3,289-301,10.1177/0272989X20915227,Secondary data analysis,"Ignore03_NHLBI exclusion document, category headings","Matlock, Daniel D; McIlvennan, Colleen K; Thompson, Jocelyn S; Morris, Megan A; Venechuk, Grace; Dunlay, Shannon M; LaRue, Shane J; Lewis, Eldrin F; Patel, Chetan B; Blue, Laura; Chaussee, Erin L; Glasgow, Russell E; Walsh, Mary Norine; Allen, Larry A"
30391656,Modes2019,"Modes, Matthew E",2019,"Did a Goals-of-Care Discussion Happen? Differences in the Occurrence of  Goals-of-Care Discussions as Reported by Patients, Clinicians, and in the  Electronic Health Record",J Pain Symptom Manage,57,2,251-259,10.1016/j.jpainsymman.2018.10.507,Secondary data analysis,"Ignore03_NHLBI exclusion document, category headings","Modes, Matthew E; Engelberg, Ruth A; Downey, Lois; Nielsen, Elizabeth L; Curtis, J Randall; Kross, Erin K"
31228534,Modes2019a,"Modes, Matthew E",2019,Toward Understanding the Relationship Between Prioritized Values and Preferences  for Cardiopulmonary Resuscitation Among Seriously Ill Adults,J Pain Symptom Manage,58,4,567-577.e1,10.1016/j.jpainsymman.2019.06.011,Secondary data analysis,"Ignore03_NHLBI exclusion document, category headings","Modes, Matthew E; Engelberg, Ruth A; Downey, Lois; Nielsen, Elizabeth L; Lee, Robert Y; Curtis, J Randall; Kross, Erin K"
32389606,Modes2020,"Modes, Matthew E",2020,Patient-Reported Receipt of Goal-Concordant Care Among Seriously Ill  Outpatients-Prevalence and Associated Factors,J Pain Symptom Manage,60,4,765-773,10.1016/j.jpainsymman.2020.04.026,Secondary data analysis,"Ignore03_NHLBI exclusion document, category headings","Modes, Matthew E; Heckbert, Susan R; Engelberg, Ruth A; Nielsen, Elizabeth L; Curtis, J Randall; Kross, Erin K"
35700932,Modes2022,"Modes, Matthew E",2022,Seriously Ill Patients' Prioritized Goals and Their Clinicians' Perceptions of  Those Goals,J Pain Symptom Manage,64,4,410-418,10.1016/j.jpainsymman.2022.06.004,Secondary data analysis,"Ignore03_NHLBI exclusion document, category headings","Modes, Matthew E; Engelberg, Ruth A; Nielsen, Elizabeth L; Brumback, Lyndia C; Neville, Thanh H; Walling, Anne M; Curtis, J Randall; Kross, Erin K"
31099866,Mohanan2019,"Mohanan, Padinhare P",2019,"Microeconomic Costs, Insurance, and Catastrophic Health Spending Among Patients  With Acute Myocardial Infarction in India: Substudy of a Randomized Clinical  Trial",JAMA Netw Open,2,5,e193831,10.1001/jamanetworkopen.2019.3831,Secondary data analysis,"Ignore03_NHLBI exclusion document, category headings","Mohanan, Padinhare P; Huffman, Mark D; Baldridge, Abigail S; Devarajan, Raji; Kondal, Dimple; Zhao, Lihui; Ali, Mumtaj; Joseph, Johny; Eapen, Koshy; Krishnan, Mangalath N; Menon, Jaideep; Thomas, Manoj; Lloyd-Jones, Donald M; Harikrishnan, Sivadasanpillai; Prabhakaran, Dorairaj"
40331620,Moin2025,"Moin, Emily E",2025,Disease and Race-Based Differences in Inpatient Palliative Care Consultation in  Cancer and Noncancer Serious Illnesses,J Am Geriatr Soc,73,7,2155-2165,10.1111/jgs.19509,Secondary data analysis,"Ignore03_NHLBI exclusion document, category headings","Moin, Emily E; Bayes, Brian; Madden, Vanessa; Halpern, Scott D; Courtright, Katherine R"
36053072,Morgan2022,"Morgan, Ryan W",2022,The Temporal Association of the COVID-19 Pandemic and Pediatric Cardiopulmonary  Resuscitation Quality and Outcomes,Pediatr Crit Care Med,23,11,908-918,10.1097/PCC.0000000000003073,Secondary data analysis,"Ignore03_NHLBI exclusion document, category headings","Morgan, Ryan W; Wolfe, Heather A; Reeder, Ron W; Alvey, Jessica S; Frazier, Aisha H; Friess, Stuart H; Maa, Tensing; McQuillen, Patrick S; Meert, Kathleen L; Nadkarni, Vinay M; Sharron, Matthew P; Siems, Ashley; Yates, Andrew R; Ahmed, Tageldin; Bell, Michael J; Bishop, Robert; Bochkoris, Matthew; Burns, Candice; Carcillo, Joseph A; Carpenter, Todd C; Dean, J Michael; Diddle, J Wesley; Federman, Myke; Fernandez, Richard; Fink, Ericka L; Franzon, Deborah; Hall, Mark; Hehir, David; Horvat, Christopher M; Huard, Leanna L; Manga, Arushi; Mourani, Peter M; Naim, Maryam Y; Notterman, Daniel; Pollack, Murray M; Sapru, Anil; Schneiter, Carleen; Srivastava, Nerraj; Tabbutt, Sarah; Tilford, Bradley; Viteri, Shirley; Wessel, David; Zuppa, Athena F; Berg, Robert A; Sutton, Robert M"
38043045,Mukhopadhyay2024,"Mukhopadhyay, Amrita",2024,Impact of Visit Volume on the Effectiveness of Electronic Tools to Improve  Heart Failure Care,JACC Heart Fail,12,4,665-674,10.1016/j.jchf.2023.11.002,Secondary data analysis,"Ignore03_NHLBI exclusion document, category headings","Mukhopadhyay, Amrita; Reynolds, Harmony R; King, William C; Phillips, Lawrence M; Nagler, Arielle R; Szerencsy, Adam; Saxena, Archana; Klapheke, Nathan; Katz, Stuart D; Horwitz, Leora I; Blecker, Saul"
38967927,Nassal2024,"Nassal, Michelle M J",2024,Temporal Trends in End-Tidal Capnography and Outcomes in Out-of-Hospital Cardiac  Arrest: A Secondary Analysis of a Randomized Clinical Trial,JAMA Netw Open,7,7,e2419274,10.1001/jamanetworkopen.2024.19274,Secondary data analysis,"Ignore03_NHLBI exclusion document, category headings","Nassal, Michelle M J; Elola, Andoni; Aramendi, Elisabete; Jaureguibeitia, Xabier; Powell, Jonathan R; Idris, Ahamed; Raya Krishnamoorthy, Banu Priya; Daya, Mohamud R; Aufderheide, Tom P; Carlson, Jestin N; Stephens, Shannon W; Panchal, Ashish R; Wang, Henry E"
32776853,Natale2021,"Natale, JoAnne E",2021,Association of Race and Ethnicity with Sedation Management in Pediatric Intensive  Care,Ann Am Thorac Soc,18,1,93-102,10.1513/AnnalsATS.201912-872OC,Secondary data analysis,"Ignore03_NHLBI exclusion document, category headings","Natale, JoAnne E; Asaro, Lisa A; Joseph, Jill G; Ulysse, Christine; Ascenzi, Judith; Bowens, Cindy; Wypij, David; Curley, Martha A Q"
39010134,OHalloran2024,"O'Halloran, Amanda J",2024,Early bolus epinephrine administration during pediatric cardiopulmonary  resuscitation for bradycardia with poor perfusion: an ICU-resuscitation study,Crit Care,28,1,242,10.1186/s13054-024-05018-7,Secondary data analysis,"Ignore03_NHLBI exclusion document, category headings","O'Halloran, Amanda J; Reeder, Ron W; Berg, Robert A; Ahmed, Tageldin; Bell, Michael J; Bishop, Robert; Bochkoris, Matthew; Burns, Candice; Carcillo, Joseph A; Carpenter, Todd C; Dean, J Michael; Diddle, J Wesley; Federman, Myke; Fernandez, Richard; Fink, Ericka L; Franzon, Deborah; Frazier, Aisha H; Friess, Stuart H; Graham, Kathryn; Hall, Mark; Hehir, David A; Horvat, Christopher M; Huard, Leanna L; Kienzle, Martha F; Kilbaugh, Todd J; Maa, Tensing; Manga, Arushi; McQuillen, Patrick S; Meert, Kathleen L; Mourani, Peter M; Nadkarni, Vinay M; Naim, Maryam Y; Notterman, Daniel; Pollack, Murray M; Sapru, Anil; Schneiter, Carleen; Sharron, Matthew P; Srivastava, Neeraj; Tilford, Bradley; Topjian, Alexis A; Viteri, Shirley; Wessel, David; Wolfe, Heather A; Yates, Andrew R; Zuppa, Athena F; Sutton, Robert M; Morgan, Ryan W"
35807924,Pacheco2022,"Pacheco, Lorena S",2022,Changes in Biomarkers of Non-Alcoholic Fatty Liver Disease (NAFLD) upon Access to  Avocados in Hispanic/Latino Adults: Secondary Data Analysis of a Cluster  Randomized Controlled Trial,Nutrients,14,13,,10.3390/nu14132744,Secondary data analysis,"Ignore03_NHLBI exclusion document, category headings","Pacheco, Lorena S; Bradley, Ryan D; Anderson, Cheryl A M; Allison, Matthew A"
39515643,PedrozaTobias2025,"Pedroza-Tobias, Andrea",2025,Water First School Water Promotion and Access Intervention: A Cost Analysis  Study,J Acad Nutr Diet,125,10,1434-1442.e9,10.1016/j.jand.2024.10.022,Secondary data analysis,"Ignore03_NHLBI exclusion document, category headings","Pedroza-Tobias, Andrea; Cradock, Angie L; Blacker, Lauren; Ritchie, Lorrene D; Schmidt, Laura A; McCulloch, Charles E; Salomon, Joshua A; Brindis, Claire D; Cabana, Michael D; Patel, Anisha I"
31267695,Pfeiffer2019,"Pfeiffer, Karin A",2019,Effects of the Girls on the Move randomized trial on adiposity and aerobic  performance (secondary outcomes) in low-income adolescent girls,Pediatr Obes,14,11,e12559,10.1111/ijpo.12559,Secondary data analysis,"Ignore03_NHLBI exclusion document, category headings","Pfeiffer, Karin A; Robbins, Lorraine B; Ling, Jiying; Sharma, Dhruv B; Dalimonte-Merckling, Danielle M; Voskuil, Vicki R; Kaciroti, Niko; Resnicow, Kenneth"
31473065,Poggio2019,"Poggio, Rosana",2019,Cluster Randomized Trial for Hypertension Control: Effect on Lifestyles and Body  Weight,Am J Prev Med,57,4,438-446,10.1016/j.amepre.2019.05.011,Secondary data analysis,"Ignore03_NHLBI exclusion document, category headings","Poggio, Rosana; Melendi, Santiago E; Beratarrechea, Andrea; Gibbons, Luz; Mills, Katherine T; Chen, Chung-Shiuan; Nejamis, Analía; Gulayin, Pablo; Santero, Marilina; Chen, Jing; Rubinstein, Adolfo; He, Jiang; Irazola, Vilma"
38850049,Quader2024,"Quader, Zerleen S",2024,School Poverty Level Moderates the Effectiveness of a Physical Activity  Intervention,Am J Health Promot,38,8,1170-1175,10.1177/08901171241257309,Secondary data analysis,"Ignore03_NHLBI exclusion document, category headings","Quader, Zerleen S; Sliwa, Sarah; Haardörfer, Regine; Suglia, Shakira F; Gazmararian, Julie A"
39075590,Raghavan2024,"Raghavan, Ramesh",2024,Cost-effectiveness of train-the-trainer versus expert consultation training  models for implementing interpersonal psychotherapy in college mental health  settings: evidence from a national cluster randomized trial,Implement Sci,19,1,55,10.1186/s13012-024-01388-2,Secondary data analysis,"Ignore03_NHLBI exclusion document, category headings","Raghavan, Ramesh; Fitzsimmons-Craft, Ellen E; Welch, R Robinson; Jo, Booil; Proctor, Enola K; Wilson, G Terence; Agras, W Stewart; Wilfley, Denise E"
39288196,Rees2024,"Rees, Chris A",2024,Is C-reactive protein sufficient to guide antimicrobial therapy for lower  respiratory tract infections among children? Results from a stepped-wedge cluster  randomized trial in Uganda,PLoS Med,21,9,e1004467,10.1371/journal.pmed.1004467,Secondary data analysis,"Ignore03_NHLBI exclusion document, category headings","Rees, Chris A; Mahajan, Prashant; Bassat, Quique"
39770974,Rethorst2024,"Rethorst, Chad D",2024,"Heterogeneity in Health Outcomes in the Strong Hearts, Healthy Communities-2.0  Multilevel Intervention in a Community-Randomized Trial: An Exploratory Study of  Moderators",Nutrients,16,24,,10.3390/nu16244353,Secondary data analysis,"Ignore03_NHLBI exclusion document, category headings","Rethorst, Chad D; Demment, Margaret M; Ha, Seungyeon; Folta, Sara C; Graham, Meredith L; Eldridge, Galen D; Seguin-Fowler, Rebecca A"
30273708,Rhodes2018,"Rhodes, Elizabeth C",2018,Cost-effectiveness of a faith-based lifestyle intervention for diabetes  prevention among African Americans: A within-trial analysis,Diabetes Res Clin Pract,146,,85-92,10.1016/j.diabres.2018.09.016,Secondary data analysis,"Ignore03_NHLBI exclusion document, category headings","Rhodes, Elizabeth C; Chandrasekar, Eeshwar K; Patel, Shivani A; Narayan, K M Venkat; Joshua, Thomas V; Williams, Lovoria B; Marion, Lucy; Ali, Mohammed K"
30882562,Robbins2019,"Robbins, Lorraine B",2019,"Mediators of Physical Activity Behavior Change in the ""Girls on the Move""  Intervention",Nurs Res,68,4,257-266,10.1097/NNR.0000000000000359,Secondary data analysis,"Ignore03_NHLBI exclusion document, category headings","Robbins, Lorraine B; Wen, Fujun; Ling, Jiying"
32120378,Robbins2020,"Robbins, Lorraine B",2020,Moderators in a physical activity intervention for adolescent girls,Pediatr Res,88,5,810-817,10.1038/s41390-020-0818-5,Secondary data analysis,"Ignore03_NHLBI exclusion document, category headings","Robbins, Lorraine B; Ling, Jiying; Wen, Fujun"
32237995,Robbins2020a,"Robbins, Lorraine B",2020,Attending After-School Physical Activity Club 2 Days a Week Attenuated an  Increase in Percentage Body Fat and a Decrease in Fitness Among Adolescent Girls  at Risk for Obesity,Am J Health Promot,34,5,500-504,10.1177/0890117120915679,Secondary data analysis,"Ignore03_NHLBI exclusion document, category headings","Robbins, Lorraine B; Ling, Jiying; Wen, Fujun"
40904930,Rossi2025,"Rossi, Kristen",2025,Nutritional quality of foods according to the Nova food classification system  after a behavioral economics intervention in food pantries,Front Public Health,13,,1613200,10.3389/fpubh.2025.1613200,Secondary data analysis,"Ignore03_NHLBI exclusion document, category headings","Rossi, Kristen; Gombi Vaca, Maria F; Schwartz, Marlene B; Caspi, Caitlin"
35029869,Rudolph2022,"Rudolph, Michelle W",2022,Early Neuromuscular Blockade in Moderate-to-Severe Pediatric Acute Respiratory  Distress Syndrome,Crit Care Med,50,5,e445-e457,10.1097/CCM.0000000000005426,Secondary data analysis,"Ignore03_NHLBI exclusion document, category headings","Rudolph, Michelle W; Kneyber, Martin C J; Asaro, Lisa A; Cheifetz, Ira M; Wypij, David; Curley, Martha A Q"
33196806,Self2020,"Self, Wesley H",2020,Clinical Effects of Balanced Crystalloids vs Saline in Adults With Diabetic  Ketoacidosis: A Subgroup Analysis of Cluster Randomized Clinical Trials,JAMA Netw Open,3,11,e2024596,10.1001/jamanetworkopen.2020.24596,Secondary data analysis,"Ignore03_NHLBI exclusion document, category headings","Self, Wesley H; Evans, Christopher S; Jenkins, Cathy A; Brown, Ryan M; Casey, Jonathan D; Collins, Sean P; Coston, Taylor D; Felbinger, Matthew; Flemmons, Lisa N; Hellervik, Susan M; Lindsell, Christopher J; Liu, Dandan; McCoin, Nicole S; Niswender, Kevin D; Slovis, Corey M; Stollings, Joanna L; Wang, Li; Rice, Todd W; Semler, Matthew W"
36503155,Semere2023,"Semere, Wagahta",2023,Examining Caregiver Outcomes in the CONNECT Intervention for Patients With  Advanced Cancer,J Pain Symptom Manage,65,3,173-182,10.1016/j.jpainsymman.2022.11.025,Secondary data analysis,"Ignore03_NHLBI exclusion document, category headings","Semere, Wagahta; Althouse, Andrew D; Arnold, Robert; White, Douglas; Smith, Thomas J; Chu, Edward; Rosenzweig, Margaret Q; Schenker, Yael"
40519003,Shah2025,"Shah, Sachin J",2025,Identifying a Heterogeneous Effect of Atrial Fibrillation Screening in Older  Adults: A Secondary Analysis of the VITAL-AF Trial,Circ Cardiovasc Qual Outcomes,18,7,e011482,10.1161/CIRCOUTCOMES.124.011482,Secondary data analysis,"Ignore03_NHLBI exclusion document, category headings","Shah, Sachin J; Iyer, Jay M; Agha, Leila; Chang, Yuchiao; Ashburner, Jeffrey M; Atlas, Steven J; McManus, David D; Ellinor, Patrick T; Lubitz, Steven A; Singer, Daniel E"
35930254,Strugnell2023,"Strugnell, Claudia",2023,Four-Year Accelerometry Outcomes from a Cluster Randomized Whole of Systems Trial  of Prevention Strategies for Childhood Obesity,Child Obes,19,5,332-340,10.1089/chi.2022.0076,Secondary data analysis,"Ignore03_NHLBI exclusion document, category headings","Strugnell, Claudia; Crooks, Nic; Gaskin, Cadeyrn J; Becker, Denise; Orellana, Liliana; Bolton, Kristy A; Fraser, Penny; Brown, Andrew Dwight; Le, Ha; Bell, Colin; Allender, Steven"
34535524,Sutton2021,"Sutton, Kent F",2021,"Successful Trial of Practice Facilitation for Plan, Do, Study, Act Quality  Improvement",J Am Board Fam Med,34,5,991-1002,10.3122/jabfm.2021.05.210140,Secondary data analysis,"Ignore03_NHLBI exclusion document, category headings","Sutton, Kent F; Richman, Erica L; Rees, Jennifer R; Pugh-Nicholson, Liza L; Craft, Macie M; Peaden, Shannon H; Mackey, Monique; Halladay, Jacqueline R"
35120864,Svarstad2022,"Svarstad, Bonnie L",2022,A successful intervention to improve medication adherence in Black patients with  hypertension: Mediation analysis of 28-site TEAM trial,J Am Pharm Assoc (2003),62,3,800-808.e3,10.1016/j.japh.2022.01.002,Secondary data analysis,"Ignore03_NHLBI exclusion document, category headings","Svarstad, Bonnie L; Brown, Roger L; Shireman, Theresa I"
31057315,Tan2019,"Tan, Marissa",2019,"Longitudinal Changes in Allostatic Load during a Randomized Church-based,  Lifestyle Intervention in African American Women",Ethn Dis,29,2,297-308,10.18865/ed.29.2.297,Secondary data analysis,"Ignore03_NHLBI exclusion document, category headings","Tan, Marissa; Mamun, Abdullah; Kitzman, Heather; Dodgen, Leilani"
36669808,Thompson2023,"Thompson, Ryan R",2023,Multicomponent strategy with decentralised molecular testing for tuberculosis in  Uganda: a cost and cost-effectiveness analysis,Lancet Glob Health,11,2,e278-e286,10.1016/S2214-109X(22)00509-5,Secondary data analysis,"Ignore03_NHLBI exclusion document, category headings","Thompson, Ryan R; Nalugwa, Talemwa; Oyuku, Denis; Tucker, Austin; Nantale, Mariam; Nakaweesa, Annet; Musinguzi, Johnson; Reza, Tania F; Zimmer, Alexandra J; Ferguson, Olivia; Turyahabwe, Stavia; Joloba, Moses; Cattamanchi, Adithya; Katamba, Achilles; Dowdy, David W; Sohn, Hojoon"
35876325,Trivedi2022,"Trivedi, Michelle",2022,Impact of COVID-19 on childhood obesity: Data from a paediatric weight management  trial,Pediatr Obes,17,12,e12959,10.1111/ijpo.12959,Secondary data analysis,"Ignore03_NHLBI exclusion document, category headings","Trivedi, Michelle; Frisard, Christine; Crawford, Sybil; Bram, Jennifer; Geller, Alan C; Pbert, Lori"
32865229,Ursache2020,"Ursache, Alexandra",2020,Early Emotion Knowledge and Later Academic Achievement Among Children of Color in  Historically Disinvested Neighborhoods,Child Dev,91,6,e1249-e1266,10.1111/cdev.13432,Secondary data analysis,"Ignore03_NHLBI exclusion document, category headings","Ursache, Alexandra; Kiely Gouley, Kathleen; Dawson-McClure, Spring; Barajas-Gonzalez, R Gabriela; Calzada, Esther J; Goldfeld, Keith S; Brotman, Laurie M"
36996935,Vandyousefi2023,"Vandyousefi, Sarvenaz",2023,Dietary Psychosocial Mediators of Vegetable Intake in Schoolchildren From  Low-Income and Racial and Ethnic Minority US Families: Findings From the Texas  Sprouts Intervention,J Acad Nutr Diet,123,8,1187-1196.e1,10.1016/j.jand.2023.03.015,Secondary data analysis,"Ignore03_NHLBI exclusion document, category headings","Vandyousefi, Sarvenaz; Ranjit, Nalini; Landry, Matthew J; Jeans, Matthew; Ghaddar, Reem; Davis, Jaimie N"
30592662,Victor2019,"Victor, Ronald G",2019,Sustainability of Blood Pressure Reduction in Black Barbershops,Circulation,139,1,10-19,10.1161/CIRCULATIONAHA.118.038165,Secondary data analysis,"Ignore03_NHLBI exclusion document, category headings","Victor, Ronald G; Blyler, Ciantel A; Li, Ning; Lynch, Kathleen; Moy, Norma B; Rashid, Mohamad; Chang, L Cindy; Handler, Joel; Brettler, Jeffrey; Rader, Florian; Elashoff, Robert M"
31241204,Voskuil2019,"Voskuil, Vicki R",2019,Predicting physical activity among urban adolescent girls: A test of the health  promotion model,Res Nurs Health,42,5,392-409,10.1002/nur.21968,Secondary data analysis,"Ignore03_NHLBI exclusion document, category headings","Voskuil, Vicki R; Robbins, Lorraine B; Pierce, Steven J"
30452084,Wanigatunga2019,"Wanigatunga, Amal A",2019,Effect of Hospitalizations on Physical Activity Patterns in Mobility-Limited  Older Adults,J Am Geriatr Soc,67,2,261-268,10.1111/jgs.15631,Secondary data analysis,"Ignore03_NHLBI exclusion document, category headings","Wanigatunga, Amal A; Gill, Thomas M; Marsh, Anthony P; Hsu, Fang-Chi; Yaghjyan, Lusine; Woods, Adam J; Glynn, Nancy W; King, Abby C; Newton, Robert L Jr; Fielding, Roger A; Pahor, Marco; Manini, Todd M"
29313710,Watson2018,"Watson, R Scott",2018,Long-Term Outcomes after Protocolized Sedation versus Usual Care in Ventilated  Pediatric Patients,Am J Respir Crit Care Med,197,11,1457-1467,10.1164/rccm.201708-1768OC,Secondary data analysis,"Ignore03_NHLBI exclusion document, category headings","Watson, R Scott; Asaro, Lisa A; Hertzog, James H; Sorce, Lauren R; Kachmar, Alicia G; Dervan, Leslie A; Angus, Derek C; Wypij, David; Curley, Martha A Q"
34478693,Weerahandi2022,"Weerahandi, Himali",2022,Disease Management in Skilled Nursing Facilities Improves Outcomes for Patients  With a Primary Diagnosis of Heart Failure,J Am Med Dir Assoc,23,3,367-372,10.1016/j.jamda.2021.08.002,Secondary data analysis,"Ignore03_NHLBI exclusion document, category headings","Weerahandi, Himali; Chaussee, Erin L; Dodson, John A; Dolansky, Mary; Boxer, Rebecca S"
31138456,Zlatar2019,"Zlatar, Zvinka Z",2019,Changes in Moderate Intensity Physical Activity Are Associated With Better  Cognition in the Multilevel Intervention for Physical Activity in Retirement  Communities (MIPARC) Study,Am J Geriatr Psychiatry,27,10,1110-1121,10.1016/j.jagp.2019.04.011,Secondary data analysis,"Ignore03_NHLBI exclusion document, category headings","Zlatar, Zvinka Z; Godbole, Suneeta; Takemoto, Michelle; Crist, Katie; Sweet, Cynthia M Castro; Kerr, Jacqueline; Rosenberg, Dori E"
36322937,Abdullahi2023,"Abdullahi, Shehu U",2023,Hydroxyurea for secondary stroke prevention in children with sickle cell anemia  in Nigeria: a randomized controlled trial,Blood,141,8,825-834,10.1182/blood.2022016620,Secondary outcomes or sub-studies,"Ignore03_NHLBI exclusion document, category headings","Abdullahi, Shehu U; Sunusi, Surayya; Abba, Mohammed Sani; Sani, Saifuddeen; Inuwa, Hauwau Aminu; Gambo, Safiya; Gambo, Awwal; Musa, Bilya; Covert Greene, Brittany V; Kassim, Adetola A; Rodeghier, Mark; Hussaini, Nafiu; Ciobanu, Mariana; Aliyu, Muktar H; Jordan, Lori C; DeBaun, Michael R"
34189934,FitzsimmonsCraft2021,"Fitzsimmons-Craft, Ellen E",2021,Maintenance of Training Effects of Two Models for Implementing Evidence-Based  Psychological Treatment,Psychiatr Serv,72,12,1451-1454,10.1176/appi.ps.202000702,Secondary outcomes or sub-studies,"Ignore03_NHLBI exclusion document, category headings","Fitzsimmons-Craft, Ellen E; Bohon, Cara; Wilson, G Terence; Jo, Booil; Mondal, Sangeeta; Laing, Olivia; Welch, R Robinson; Raghavan, Ramesh; Proctor, Enola K; Agras, W Stewart; Wilfley, Denise E"
34781998,Krutsinger2021,"Krutsinger, Dustin C",2021,A systematic review and meta-analysis of enrollment into ARDS and sepsis trials  published between 2009 and 2019 in major journals,Crit Care,25,1,392,10.1186/s13054-021-03804-1,Systematic review or meta-analysis,"Ignore03_NHLBI exclusion document, category headings","Krutsinger, Dustin C; Yadav, Kuldeep N; Harhay, Michael O; Bartels, Karsten; Courtright, Katherine R"
33242455,Maria2021,"Maria, Joseph Linju",2021,Task-sharing interventions for improving control of diabetes in low-income and  middle-income countries: a systematic review and meta-analysis,Lancet Glob Health,9,2,e170-e180,10.1016/S2214-109X(20)30449-6,Systematic review or meta-analysis,"Ignore03_NHLBI exclusion document, category headings","Maria, Joseph Linju; Anand, T N; Dona, Boban; Prinu, Jose; Prabhakaran, Dorairaj; Jeemon, Panniyammakal"
30083727,Choudhry2018,"Choudhry, Niteesh K",2018,"Effect of a Remotely Delivered Tailored Multicomponent Approach to Enhance  Medication Taking for Patients With Hyperlipidemia, Hypertension, and Diabetes:  The STIC2IT Cluster Randomized Clinical Trial",JAMA Intern Med,178,9,1182-1189,10.1001/jamainternmed.2018.3189,Multiple trials from the same research group,"Ignore03_NHLBI exclusion document, category headings","Choudhry, Niteesh K; Isaac, Thomas; Lauffenburger, Julie C; Gopalakrishnan, Chandrasekar; Lee, Marianne; Vachon, Amy; Iliadis, Tanya L; Hollands, Whitney; Elman, Sandra; Kraft, Jacqueline M; Naseem, Samrah; Doheny, Scott; Lee, Jessica; Barberio, Julie; Patel, Lajja; Khan, Nazleen F; Gagne, Joshua J; Jackevicius, Cynthia A; Fischer, Michael A; Solomon, Daniel H; Sequist, Thomas D"
36538309,Choudhry2022,"Choudhry, Niteesh K",2022,Effect of a Biopsychosocial Intervention or Postural Therapy on Disability and  Health Care Spending Among Patients With Acute and Subacute Spine Pain: The SPINE  CARE Randomized Clinical Trial,JAMA,328,23,2334-2344,10.1001/jama.2022.22625,Multiple trials from the same research group,"Ignore03_NHLBI exclusion document, category headings","Choudhry, Niteesh K; Fifer, Sheila; Fontanet, Constance P; Archer, Kristin R; Sears, Ellen; Bhatkhande, Gauri; Haff, Nancy; Ghazinouri, Roya; Coronado, Rogelio A; Schneider, Byron J; Butterworth, Susan W; Deogun, Harvinder; Cooper, Angelina; Hsu, Eugene; Block, Shannon; Davidson, Claudia A; Shackelford, Claude E; Goyal, Parul; Milstein, Arnold; Crum, Katherine; Scott, Jennifer; Marton, Keith; Silva, Flavio M; Obeidalla, Sarah; Robinette, Payton E; Lorenzana-DeWitt, Mario; Bair, Courtney A; Sadun, Hana J; Goldfield, Natalie; Hogewood, Luke M; Sterling, Emma K; Pickney, Cole; Koltun-Baker, Emma J; Swehla, Andrew; Ravikumar, Vishvaas; Malhotra, Sameeksha; Finney, Sabrina T; Holliday, Lynn; Moolman, Karin C; Coleman-Dockery, Shanita; Patel, Ilaben B; Angel, Federica B; Green, Jennifer K; Mitchell, Kevin; McBean, Mary R; Ghaffar, Muteeb; Ermini, Sandra R; Carr, Ana L; MacDonald, James"
40163121,Douin2025,"Douin, David J",2025,Targeted Normoxemia and Supplemental Oxygen-Free Days in Critically Injured  Adults: A Stepped-Wedge Cluster Randomized Clinical Trial,JAMA Netw Open,8,3,e252093,10.1001/jamanetworkopen.2025.2093,Multiple trials from the same research group,"Ignore03_NHLBI exclusion document, category headings","Douin, David J; Rice, John D; Anderson, Erin L; Jackson, Conner L; Cheng, Alex C; Xiao, Mengli; Cwik, Jessica; Beaty, Laurel E; Wild, Jessica L; Daya, Mohamud R; Doshi, Pratik B; Eastham, Shannon C; Goodman, Michael D; Gunn, Scott R; Haukoos, Jason S; Hudson, Jessica A; Jansen, Jan O; McMullan, Jason T; Rizzo, Julie A; Schreiber, Martin A; Self, Wesley H; Semler, Matthew W; Steinwand, Aimee; Werner, Nicole; Bebarta, Vikhyat S; Schauer, Steven G; Ginde, Adit A"
35229621,Kondal2022,"Kondal, Dimple",2022,Structured Lifestyle Modification Interventions Involving Frontline Health  Workers for Population-Level Blood Pressure Reduction: Results of a Cluster  Randomized Controlled Trial in India (DISHA Study),J Am Heart Assoc,11,6,e023526,10.1161/JAHA.121.023526,Multiple trials from the same research group,"Ignore03_NHLBI exclusion document, category headings","Kondal, Dimple; Jeemon, Panniyammakal; Manimunda, Sathyaprakash; Narayanan, Gitanjali; Purty, Anil Jacob; Negi, Prakash Chand; Ladhani, Sulaiman Sadruddin; Sanghvi, Jyoti; Singh, Kuldeep; Deshpande, Ajit; Sobti, Nidhi; Toteja, Gurudayal Singh; Prabhakaran, Dorairaj"
36319061,Mart2022,"Mart, Matthew F",2022,Cognitive Outcomes in the Pragmatic Investigation of optimaL Oxygen Targets  (CO-PILOT) trial: protocol and statistical analysis plan,BMJ Open,12,11,e064517,10.1136/bmjopen-2022-064517,Multiple trials from the same research group,"Ignore03_NHLBI exclusion document, category headings","Mart, Matthew F; Semler, Matthew W; Bernard, Gordon; Casey, Jonathan D; Ely, E Wesley; Freundlich, Robert; Jackson, James C; Kiehl, Amy; Jenkins, Cathy; Wang, Guanchao; Lindsell, Christopher; Bryant, Patsy; Rice, Todd W; Self, Wesley H; Stollings, Joanna; Wanderer, Jonathan P; Wang, Li; Han, Jin Ho"
29485925,Semler2018a,"Semler, Matthew W",2018,Balanced Crystalloids versus Saline in Critically Ill Adults,N Engl J Med,378,9,829-839,10.1056/NEJMoa1711584,Multiple trials from the same research group,"Ignore03_NHLBI exclusion document, category headings","Semler, Matthew W; Self, Wesley H; Wanderer, Jonathan P; Ehrenfeld, Jesse M; Wang, Li; Byrne, Daniel W; Stollings, Joanna L; Kumar, Avinash B; Hughes, Christopher G; Hernandez, Antonio; Guillamondegui, Oscar D; May, Addison K; Weavind, Liza; Casey, Jonathan D; Siew, Edward D; Shaw, Andrew D; Bernard, Gordon R; Rice, Todd W"
32084445,Takada2020,"Takada, Sae",2020,Reducing cardiovascular risk among people living with HIV: Rationale and design  of the INcreasing Statin Prescribing in HIV Behavioral Economics REsearch  (INSPIRE) randomized controlled trial,Prog Cardiovasc Dis,63,2,109-117,10.1016/j.pcad.2020.02.012,Multiple trials from the same research group,"Ignore03_NHLBI exclusion document, category headings","Takada, Sae; Ober, Allison J; Currier, Judith S; Goldstein, Noah J; Horwich, Tamara B; Mittman, Brian S; Shu, Suzanne B; Tseng, Chi-Hong; Vijayan, Tara; Wali, Soma; Cunningham, William E; Ladapo, Joseph A"
31805973,Vaughn2019a,"Vaughn, Amber E",2019,The impact of basic vs. enhanced Go NAPSACC on child care centers' healthy eating  and physical activity practices: protocol for a type 3 hybrid  effectiveness-implementation cluster-randomized trial,Implement Sci,14,1,101,10.1186/s13012-019-0949-4,Multiple trials from the same research group,"Ignore03_NHLBI exclusion document, category headings","Vaughn, Amber E; Studts, Christina R; Powell, Byron J; Ammerman, Alice S; Trogdon, Justin G; Curran, Geoffrey M; Hales, Derek; Willis, Erik; Ward, Dianne S"
33231679,Vaughn2021,"Vaughn, Amber E",2021,"Evaluating a child care-based social marketing approach for improving children's  diet and physical activity: results from the Healthy Me, Healthy We  cluster-randomized controlled trial",Transl Behav Med,11,3,775-784,10.1093/tbm/ibaa113,Multiple trials from the same research group,"Ignore03_NHLBI exclusion document, category headings","Vaughn, Amber E; Hennink-Kaminski, Heidi; Moore, Renee; Burney, Regan; Chittams, Jesse L; Parker, Portia; Luecking, Courtney T; Hales, Derek; Ward, Dianne S"
31487546,Vedanthan2019,"Vedanthan, Rajesh",2019,Community Health Workers Improve Linkage to Hypertension Care in Western Kenya,J Am Coll Cardiol,74,15,1897-1906,10.1016/j.jacc.2019.08.003,Multiple trials from the same research group,"Ignore03_NHLBI exclusion document, category headings","Vedanthan, Rajesh; Kamano, Jemima H; DeLong, Allison K; Naanyu, Violet; Binanay, Cynthia A; Bloomfield, Gerald S; Chrysanthopoulou, Stavroula A; Finkelstein, Eric A; Hogan, Joseph W; Horowitz, Carol R; Inui, Thomas S; Menya, Diana; Orango, Vitalis; Velazquez, Eric J; Were, Martin C; Kimaiyo, Sylvester; Fuster, Valentin"
33888251,Vedanthan2021,"Vedanthan, Rajesh",2021,Group Medical Visit and Microfinance Intervention for Patients With Diabetes or  Hypertension in Kenya,J Am Coll Cardiol,77,16,2007-2018,10.1016/j.jacc.2021.03.002,Multiple trials from the same research group,"Ignore03_NHLBI exclusion document, category headings","Vedanthan, Rajesh; Kamano, Jemima H; Chrysanthopoulou, Stavroula A; Mugo, Richard; Andama, Benjamin; Bloomfield, Gerald S; Chesoli, Cleophas W; DeLong, Allison K; Edelman, David; Finkelstein, Eric A; Horowitz, Carol R; Manyara, Simon; Menya, Diana; Naanyu, Violet; Orango, Vitalis; Pastakia, Sonak D; Valente, Thomas W; Hogan, Joseph W; Fuster, Valentin"
29501740,Ward2018,"Ward, Dianne S",2018,"Workplace health and safety intervention for child care staff: Rationale, design,  and baseline results from the CARE cluster randomized control trial",Contemp Clin Trials,68,,116-126,10.1016/j.cct.2018.02.018,Multiple trials from the same research group,"Ignore03_NHLBI exclusion document, category headings","Ward, Dianne S; Vaughn, Amber E; Hales, Derek; Viera, Anthony J; Gizlice, Ziya; Bateman, Lori A; Grummon, Anna H; Arandia, Gabriela; Linnan, Laura A"
